run_id,provider,example_id,locale,copies,earlier_prediction,later_prediction,earlier_confidence,later_confidence,predictions_agree,earlier_request_id,later_request_id,earlier_latency_ms,later_latency_ms,raw_rows,selected_raw_row
0fa1ec36488a,jev,12987,en-US,2,general_quirky,general_quirky,0.91,0.92,True,req_01a0d04adaf57a08a98135be5425a8b3,req_01a0d09c7ca1709e9bf1e7d0f21baa50,244.39758299922687,122.89962499926332,2180;6280,6280
0fa1ec36488a,jev,13067,en-US,2,qa_factoid,general_quirky,0.55,0.54,False,req_01a0d04ad3b97943b6f6ac114dc2de5e,req_01a0d09c7889729bb55f2e2d9cf8c80f,513.2356249996519,402.4887920022593,2100;6200,6200
0fa1ec36488a,jev,13150,en-US,2,general_quirky,general_quirky,0.97,0.94,True,req_01a0d04adbce7086ae7f3f7db5f84206,req_01a0d09c7d187aa08062ef52df314298,294.39045899925986,203.97366700490238,2190;6290,6290
0fa1ec36488a,jev,13175,en-US,2,qa_factoid,qa_factoid,0.88,0.9,True,req_01a0d04ad5ba77e294f2a0059f99d0ea,req_01a0d09c79f87470b2eef0d765af7746,126.68529099755688,109.18200000014622,2127;6227,6227
0fa1ec36488a,jev,13297,en-US,2,qa_factoid,qa_factoid,0.93,0.92,True,req_01a0d04ada0a7018bd1321fcb3f77406,req_01a0d09c7c4270f1aabf8152141c3e28,229.25854200002505,174.15887500101235,2171;6271,6271
0fa1ec36488a,jev,13363,en-US,2,general_quirky,general_quirky,0.66,0.67,True,req_01a0d04adb8773b48732aef35eb210b3,req_01a0d09c7cf879699adea8aaf2132e6d,255.40966599874082,189.72108400339494,2186;6286,6286
0fa1ec36488a,jev,13451,en-US,2,general_quirky,general_quirky,1.0,1.0,True,req_01a0d04ad448798ca46bdffe3ae78505,req_01a0d09c786b74eab0e6b228216cbe18,254.88250000125845,289.0733340027509,2110;6210,6210
0fa1ec36488a,jev,13491,en-US,2,qa_factoid,qa_factoid,0.59,0.54,True,req_01a0d04adbae710f9a194b794dbb579e,req_01a0d09c7d127c8ab3c15f016d981aaf,271.45404199836776,217.54150000197114,2189;6289,6289
0fa1ec36488a,jev,13616,en-US,2,qa_factoid,qa_factoid,0.85,0.88,True,req_01a0d04ad7097d70926b4c10d7cec6df,req_01a0d09c7a677aef9223334fd89eb418,491.95849999887287,168.31475000071805,2138;6238,6238
0fa1ec36488a,jev,13681,en-US,2,qa_factoid,qa_factoid,1.0,1.0,True,req_01a0d04ad5fa746baf2707973de9d55c,req_01a0d09c7a0e7353bb46c90e67777efc,249.44808300278964,185.90612499974668,2128;6228,6228
0fa1ec36488a,jev,13693,en-US,2,qa_factoid,qa_factoid,1.0,1.0,True,req_01a0d04ada0575588be14627587fca1a,req_01a0d09c7bfa7c0fbfefdaf01c95941f,296.66720800014446,110.90820800018264,2168;6268,6268
0fa1ec36488a,jev,13854,en-US,2,qa_factoid,qa_factoid,1.0,1.0,True,req_01a0d04ad5b5786a95d543928807df4d,req_01a0d09c79fa7145b0c7ee8db7ec3880,369.53566699958174,140.07520800078055,2126;6226,6226
0fa1ec36488a,jev,1401,en-US,2,general_quirky,general_quirky,0.99,0.99,True,req_01a0d04ada89779ebd985df47bf9335a,req_01a0d09c7bf67e878afa7493822d8b82,488.9635420004197,68.37129199993797,2169;6269,6269
0fa1ec36488a,jev,14011,en-US,2,qa_factoid,qa_factoid,1.0,1.0,True,req_01a0d04adc7c77b1a2e92390522404b3,req_01a0d09c7d6e7081b0a107ff6c991700,97.88220900009037,129.6603749942733,2196;6296,6296
0fa1ec36488a,jev,14015,en-US,2,qa_factoid,qa_factoid,1.0,1.0,True,req_01a0d04ad8947d6884494adb02e561f3,req_01a0d09c7b6f7955b133e70247b6a238,283.46425000199815,157.78291699825786,2155;6255,6255
0fa1ec36488a,jev,14083,en-US,2,qa_factoid,qa_factoid,1.0,1.0,True,req_01a0d04ad3b47ca3a1569835cb01c1d9,req_01a0d09c786c7620ac06d4dc387d165d,368.6511670020991,301.21637499541976,2108;6208,6208
0fa1ec36488a,jev,14118,en-US,2,qa_factoid,qa_factoid,1.0,1.0,True,req_01a0d04ad4a2702294e31a054ef63861,req_01a0d09c786d7561a98a4e7556fae0df,235.96141699817963,281.00362500117626,2111;6211,6211
0fa1ec36488a,jev,14126,en-US,2,qa_factoid,qa_factoid,1.0,1.0,True,req_01a0d04ad3ae7f83b905938966329065,req_01a0d09c787c78e19f33956d0cedb79e,388.08154199796263,305.5642919935053,2103;6203,6203
0fa1ec36488a,jev,14306,en-US,2,qa_factoid,qa_factoid,1.0,1.0,True,req_01a0d04adbe87a16924afdb07bf0d7de,req_01a0d09c7d2b7598818f1e91af667c15,222.66954100268777,189.1784170002211,2193;6293,6293
0fa1ec36488a,jev,14339,en-US,2,qa_factoid,qa_factoid,1.0,1.0,True,req_01a0d04ad6d77bc7bf107109a8dad00a,req_01a0d09c7a527819910e1d3e20eecc11,249.96237499726703,115.15266700007487,2136;6236,6236
0fa1ec36488a,jev,14356,en-US,2,general_quirky,general_quirky,0.96,0.97,True,req_01a0d04ad7c77dff942b04bfde4272b8,req_01a0d09c7ac17dcc93630773ca8a281f,175.8324160000484,165.69416700076545,2144;6244,6244
0fa1ec36488a,jev,1440,en-US,2,play_music,play_music,1.0,1.0,True,req_01a0d04adbea73679333598e62895222,req_01a0d09c7d147647afd7ebc257129e73,267.53412499965634,97.75037499639438,2191;6291,6291
0fa1ec36488a,jev,14509,en-US,2,qa_factoid,qa_factoid,1.0,1.0,True,req_01a0d04adaa8772f8721921ceb125493,req_01a0d09c7c6978898ecb52483d36c56e,167.97466699790675,173.82916699716588,2177;6277,6277
0fa1ec36488a,jev,14597,en-US,2,qa_factoid,qa_factoid,1.0,1.0,True,req_01a0d04adaac7c73a2bb2c158fc67a81,req_01a0d09c7c737af3a9d88fe5f0352fb6,129.84562500059837,170.53599999781,2178;6278,6278
0fa1ec36488a,jev,14683,en-US,2,qa_factoid,qa_factoid,0.99,0.99,True,req_01a0d04ad73f7efcab87bdc0249b8aff,req_01a0d09c7a8674c9aa878cd599b1b924,242.40729200028,166.16045799310086,2141;6241,6241
0fa1ec36488a,jev,14787,en-US,2,qa_factoid,qa_factoid,0.98,0.98,True,req_01a0d04adba17ab1bac3e31bef91f26c,req_01a0d09c7d00748f939241f859b0c7df,258.3398329988995,152.05833299842197,2188;6288,6288
0fa1ec36488a,jev,14891,en-US,2,qa_factoid,qa_factoid,0.99,0.99,True,req_01a0d04ada8d7b44872eb3f1ae6bb8af,req_01a0d09c7c5f7f5cb8f68ed3174f87de,103.3095829989179,149.45725000143284,2175;6275,6275
0fa1ec36488a,jev,14958,en-US,2,qa_factoid,qa_factoid,0.67,0.68,True,req_01a0d04ad71a72d2ae7d382fc6bad00d,req_01a0d09c7a847f089764cd4aa3055dac,261.2532500024827,154.9039170058677,2139;6239,6239
0fa1ec36488a,jev,14994,en-US,2,qa_factoid,qa_factoid,1.0,1.0,True,req_01a0d04ad6187251a5bd2624bab08aa7,req_01a0d09c7a1170a3936e37e42bcef3a5,257.133959003113,125.61400000413414,2129;6229,6229
0fa1ec36488a,jev,15055,en-US,2,qa_factoid,qa_factoid,0.99,0.99,True,req_01a0d04ad7d67c8f8b8455ee29d3aabd,req_01a0d09c7ac17c43b20200b14fa62bb6,320.9846249992552,174.59641599998577,2146;6246,6246
0fa1ec36488a,jev,15094,en-US,2,qa_factoid,qa_factoid,1.0,1.0,True,req_01a0d04adc8370dd9710d250175f4a73,req_01a0d09c7d7c7dcdae600d921c8f3fab,189.40787500105216,146.9176669997978,2197;6297,6297
0fa1ec36488a,jev,1547,en-US,2,weather_query,weather_query,1.0,1.0,True,req_01a0d04ad9407872af50a956fd3580be,req_01a0d09c7bac74aa904c58015cc09fca,198.8031660002889,91.17291599977762,2160;6260,6260
0fa1ec36488a,jev,1549,en-US,2,weather_query,weather_query,1.0,1.0,True,req_01a0d04ada7d77d788438fa89a8ed0a3,req_01a0d09c7c5676f383330137811bda9c,301.73487499996554,115.55208400386618,2174;6274,6274
0fa1ec36488a,jev,1722,en-US,2,weather_query,weather_query,0.93,0.96,True,req_01a0d04ad4c87d77aa03b94829957fb1,req_01a0d09c796478fe9146a41ca802e39f,219.95729199989,307.2782079980243,2113;6213,6213
0fa1ec36488a,jev,185,en-US,2,play_music,play_music,1.0,1.0,True,req_01a0d04ad6b8790b8db67f4623873b7c,req_01a0d09c7a437365a19412209560849c,134.5439160031674,123.8999999986845,2135;6235,6235
0fa1ec36488a,jev,1866,en-US,2,weather_query,weather_query,1.0,1.0,True,req_01a0d04ad7ce70a3b96f8a069c5576ac,req_01a0d09c7ae075ae867844452695e1e7,184.71766699803993,131.44029199611396,2147;6247,6247
0fa1ec36488a,jev,1933,en-US,2,weather_query,weather_query,1.0,1.0,True,req_01a0d04ad52174d89d06fae7e03e962f,req_01a0d09c796c7bd1a5b8a8fe6cdc1a01,140.988125000149,312.52587500057416,2118;6218,6218
0fa1ec36488a,jev,1995,en-US,2,play_music,play_music,1.0,1.0,True,req_01a0d04ad8227af99088be4669775921,req_01a0d09c7b0277349ce6345edda01c38,309.87133300004643,109.27375000028405,2149;6249,6249
0fa1ec36488a,jev,2108,en-US,2,play_music,play_music,1.0,1.0,True,req_01a0d04ada90743593aeeab65f9c86a9,req_01a0d09c7c677b879c646f7817c260ad,253.69024999963585,169.39524999907007,2176;6276,6276
0fa1ec36488a,jev,2178,en-US,2,weather_query,weather_query,1.0,1.0,True,req_01a0d04ad3b572b78f83f27b0f3b12f1,req_01a0d09c78667ec7a8be3d6b559e81ac,497.6816250018601,288.0372500003432,2109;6209,6209
0fa1ec36488a,jev,2408,en-US,2,play_music,play_music,0.92,0.9,True,req_01a0d04ad3b07ebc8a8196c78f6d34bd,req_01a0d09c786a75e2a1073232098c88ce,500.54733299839427,282.5863749967539,2101;6201,6201
0fa1ec36488a,jev,2704,en-US,2,play_music,play_music,1.0,1.0,True,req_01a0d04ad90a737c99db8e7e1b4ce619,req_01a0d09c7b6f7a59939c838dffb0aea6,150.2688339969609,162.85716599668376,2158;6258,6258
0fa1ec36488a,jev,3096,en-US,2,weather_query,weather_query,1.0,1.0,True,req_01a0d04ad43e770db0294d9e0050550d,req_01a0d09c786576a58ed7450644139863,527.4447500014503,283.4234580004704,2107;6207,6207
0fa1ec36488a,jev,3400,en-US,2,play_music,play_music,1.0,1.0,True,req_01a0d04ad75875c28a5eed1a5435acc8,req_01a0d09c7aa57da09bc2bccdc4131e2f,182.47129100200254,148.93333300278755,2142;6242,6242
0fa1ec36488a,jev,3408,en-US,2,weather_query,weather_query,1.0,1.0,True,req_01a0d04ad7067744adfcda2bba71ffbf,req_01a0d09c7a6070958240190a704baaa0,198.21612499799812,149.7225410057581,2137;6237,6237
0fa1ec36488a,jev,3434,en-US,2,play_music,play_music,0.72,0.76,True,req_01a0d04adb2c7c6ab21974bfe12123d7,req_01a0d09c7ca3746cbb496cd4498d254a,178.87400000108755,140.54737500555348,2182;6282,6282
0fa1ec36488a,jev,3447,en-US,2,weather_query,weather_query,1.0,1.0,True,req_01a0d04adca771f39a5a51b6ba4d532c,req_01a0d09c7d8c7eb99463360c1688e749,284.63216699674376,175.01479200291215,2198;6298,6298
0fa1ec36488a,jev,3539,en-US,2,play_music,play_music,1.0,1.0,True,req_01a0d04adc357ea288d6b82dea5e7f57,req_01a0d09c7d2b78f78380ce2533c229c2,236.61162499774946,89.14908300357638,2194;6294,6294
0fa1ec36488a,jev,3911,en-US,2,play_music,play_music,0.92,0.92,True,req_01a0d04ad9e17c9e92fcfc55f1edb16e,req_01a0d09c7bf77571a2868e6208905f27,172.9904580024595,142.6508750009816,2167;6267,6267
0fa1ec36488a,jev,397,en-US,2,play_music,play_music,1.0,1.0,True,req_01a0d04ad3be7e8580f58b9d88f52f74,req_01a0d09c78667390a8c8174f9f1ef68f,414.0912920011033,288.61699999833945,2102;6202,6202
0fa1ec36488a,jev,4040,en-US,2,play_music,play_music,1.0,1.0,True,req_01a0d04ad5ae7b2994ac7ce430536faa,req_01a0d09c79f8740e98659cc746cd9356,218.0438340001274,103.28570799902081,2125;6225,6225
0fa1ec36488a,jev,407,en-US,2,play_music,play_music,1.0,1.0,True,req_01a0d04ad5837b22ba224486b91cb669,req_01a0d09c797c7c83b4a75839fb64e0cb,235.07995800173376,125.125291000586,2123;6223,6223
0fa1ec36488a,jev,4232,en-US,2,play_music,play_music,1.0,1.0,True,req_01a0d04adb527014a37fa98f5124dbcb,req_01a0d09c7cf47b3485941d09b15cd4e8,220.60133400009363,120.51566699665273,2185;6285,6285
0fa1ec36488a,jev,4313,en-US,2,weather_query,weather_query,1.0,1.0,True,req_01a0d04ad78e7dc99e3aef5c1ccd85e8,req_01a0d09c7abe711c8f7ee443da3406eb,212.31241700297687,176.84170800202992,2143;6243,6243
0fa1ec36488a,jev,4376,en-US,2,weather_query,weather_query,1.0,1.0,True,req_01a0d04ad543739bb2fc4d7dfa0b1777,req_01a0d09c795d74c3882885f19992a3fe,255.76695800191374,224.5942500012461,2119;6219,6219
0fa1ec36488a,jev,4383,en-US,2,weather_query,weather_query,1.0,1.0,True,req_01a0d04ad6497b06ada4c6b5594b0d15,req_01a0d09c7a157db1a8dd564cf4251db9,398.03741699870443,109.71416699612746,2131;6231,6231
0fa1ec36488a,jev,4436,en-US,2,general_quirky,general_quirky,0.5,0.45,True,req_01a0d04ad3c67d06a27462f64a3f0d7f,req_01a0d09c78547e2ea1c151f30cfb84a4,430.6023329991149,280.3559169988148,2106;6206,6206
0fa1ec36488a,jev,4482,en-US,2,weather_query,weather_query,0.99,0.99,True,req_01a0d04ada5576e3bb82b20e98670154,req_01a0d09c7c587df6a70fa0a637808797,238.95858300238615,154.03512500051875,2172;6272,6272
0fa1ec36488a,jev,4587,en-US,2,play_music,play_music,1.0,1.0,True,req_01a0d04ad54d71c69bde9eb02ef40ff2,req_01a0d09c7960726b827e2d2632c24ed1,224.98904099848005,248.09533300140174,2120;6220,6220
0fa1ec36488a,jev,473,en-US,2,play_music,play_music,0.73,0.7,True,req_01a0d04ad52171cd9f71da5b0c265c4a,req_01a0d09c79607bd79c691d927ebfc76d,245.98199999672943,245.33208300272236,2117;6217,6217
0fa1ec36488a,jev,491,en-US,2,weather_query,weather_query,1.0,1.0,True,req_01a0d04ad52070d4823052ce68db903b,req_01a0d09c795f7227b1c73d610fe083c7,160.47029100082,172.83191699971212,2116;6216,6216
0fa1ec36488a,jev,4917,en-US,2,weather_query,weather_query,1.0,1.0,True,req_01a0d04ad3a371b699c3967c51049e03,req_01a0d09c786c759a92618828d82d32b3,418.9537909987848,270.8361659970251,2105;6205,6205
0fa1ec36488a,jev,5278,en-US,2,play_music,play_music,1.0,1.0,True,req_01a0d04ad8757612a02f118ef42c5cbf,req_01a0d09c7b34713287041ee6bee55432,233.450832998642,125.96020800265251,2153;6253,6253
0fa1ec36488a,jev,5318,en-US,2,play_music,play_music,1.0,1.0,True,req_01a0d04adb8f7b1ab94b8612469cbca4,req_01a0d09c7cf4772cba97ca110513896a,235.12466700049117,152.74766700167675,2187;6287,6287
0fa1ec36488a,jev,5414,en-US,2,play_music,play_music,1.0,1.0,True,req_01a0d04ad3ae7fbd88ce233e95d127d8,req_01a0d09c786b74c1bfa178d63f280234,288.0178330015042,267.85629199730465,2104;6204,6204
0fa1ec36488a,jev,5465,en-US,2,weather_query,weather_query,0.64,0.61,True,req_01a0d04ad6857ee987c659e61b95a1b2,req_01a0d09c7a357fe3a23b124b95ba880d,333.8571669992234,104.71679100010078,2134;6234,6234
0fa1ec36488a,jev,5658,en-US,2,play_music,play_music,1.0,1.0,True,req_01a0d04ada857bf8bfe2a56ea8991006,req_01a0d09c7c577a6b9101c8128eefe99f,223.30487499857554,159.78987500420772,2173;6273,6273
0fa1ec36488a,jev,5721,en-US,2,weather_query,weather_query,1.0,1.0,True,req_01a0d04ad9567f5499238783b358e778,req_01a0d09c7bbe72bd9046ce5e9fb6d037,244.39979100134224,148.2301659998484,2162;6262,6262
0fa1ec36488a,jev,6267,en-US,2,qa_factoid,qa_factoid,0.66,0.61,True,req_01a0d04ad7c278f08e53838c90d1afc7,req_01a0d09c7ac6774ea3a4419885a4e67a,174.15729200001806,131.71491600223817,2145;6245,6245
0fa1ec36488a,jev,6289,en-US,2,weather_query,weather_query,1.0,1.0,True,req_01a0d04ad71d7fbe8ade00d601dfa38b,req_01a0d09c7a887cdc8006eec8a5033b3b,273.8935420020425,123.613124997064,2140;6240,6240
0fa1ec36488a,jev,6295,en-US,2,general_quirky,general_quirky,0.99,0.98,True,req_01a0d04ad82e7cc99a5400cf59a1118c,req_01a0d09c7b1c779285b11b5f3a8be7c1,272.598832998483,160.5958330037538,2151;6251,6251
0fa1ec36488a,jev,6353,en-US,2,general_quirky,general_quirky,0.76,0.78,True,req_01a0d04adb4e78ba86bab41c5aa2c8f1,req_01a0d09c7cfb7e8890d30e4a9df5b15a,238.4717080021801,194.37829199887346,2184;6284,6284
0fa1ec36488a,jev,6385,en-US,2,qa_factoid,qa_factoid,0.95,0.91,True,req_01a0d04ad82c75c1a14dfa75f8bb1b8b,req_01a0d09c7b1774d588670188519247fa,220.58500000275671,189.07220900291577,2150;6250,6250
0fa1ec36488a,jev,6405,en-US,2,qa_factoid,qa_factoid,0.99,0.99,True,req_01a0d04ad99e7e2fb6baed433906e472,req_01a0d09c7bd3726eb86742e84e531855,231.3944999987143,153.37254099722486,2165;6265,6265
0fa1ec36488a,jev,6424,en-US,2,general_quirky,general_quirky,0.99,0.99,True,req_01a0d04adb18785ead93d2d97246eafb,req_01a0d09c7c907e3e8184318a5ae5f515,127.13554199945065,168.938208000327,2181;6281,6281
0fa1ec36488a,jev,6438,en-US,2,general_quirky,general_quirky,0.89,0.89,True,req_01a0d04adb347680b2e6bc456d0f70d3,req_01a0d09c7cc67764b6647f85583ecab6,149.0939579998667,95.2377499997965,2183;6283,6283
0fa1ec36488a,jev,6485,en-US,2,general_quirky,general_quirky,0.96,0.95,True,req_01a0d04ad91f7ddfa243a28ebcb47c45,req_01a0d09c7b727e5f9337c69a60762cec,190.98537500030943,223.1123329984257,2159;6259,6259
0fa1ec36488a,jev,6495,en-US,2,general_quirky,general_quirky,0.67,0.66,True,req_01a0d04ad80e7cbdb7dca2aa338e0675,req_01a0d09c7b057d81b5e02123f137fcb1,273.1440419993305,169.60549999930663,2148;6248,6248
0fa1ec36488a,jev,6720,en-US,2,qa_factoid,qa_factoid,0.97,0.98,True,req_01a0d04ad62a7dcdadc3dcb9715ad9fe,req_01a0d09c7a127d8f9d955b4b01b54d2e,217.2159580004518,155.63358300278196,2130;6230,6230
0fa1ec36488a,jev,6737,en-US,2,calendar_set,calendar_set,0.96,0.97,True,req_01a0d04ad4d67d788a2157f6d1d6c15e,req_01a0d09c79607ef2a5218a177e225728,161.48683299979893,249.7817080002278,2115;6215,6215
0fa1ec36488a,jev,7044,en-US,2,calendar_set,calendar_set,1.0,1.0,True,req_01a0d04ad6367336bbc35049eee69bec,req_01a0d09c7a287911930e12393784a57f,281.4452919992618,183.21545800426975,2132;6232,6232
0fa1ec36488a,jev,7073,en-US,2,calendar_set,calendar_set,1.0,1.0,True,req_01a0d04adaf4797abd5c408e9494316c,req_01a0d09c7c6c767ba410726143c06b07,182.2958339980687,150.11175000108778,2179;6279,6279
0fa1ec36488a,jev,7152,en-US,2,calendar_set,calendar_set,1.0,1.0,True,req_01a0d04ad8fb70d398ce2b492d895ffb,req_01a0d09c7b5c75de807bea4a489ce5f0,180.58208300135448,153.57233300164808,2156;6256,6256
0fa1ec36488a,jev,7170,en-US,2,calendar_set,calendar_set,1.0,1.0,True,req_01a0d04adcb079e38f0a7a8efa490259,req_01a0d09c7d8b7ac88ed1da1391454675,158.54783300164854,125.41262499871664,2199;6299,6299
0fa1ec36488a,jev,7697,en-US,2,calendar_set,calendar_set,1.0,1.0,True,req_01a0d04ad54b7db4b93201ce85089b10,req_01a0d09c796a7914aa75eaf0fdcd2e32,175.48141600127565,265.9486670017941,2121;6221,6221
0fa1ec36488a,jev,779,en-US,2,play_music,play_music,1.0,1.0,True,req_01a0d04ad87a7412b51d15da19f5119b,req_01a0d09c7b42797e875cedf9f74a68c8,375.08116599929053,181.49987500510179,2154;6254,6254
0fa1ec36488a,jev,782,en-US,2,play_music,play_music,1.0,1.0,True,req_01a0d04ad9ec7d7da4cd0aee722357ec,req_01a0d09c7c17753db171e7e537ed04e8,131.3059579988476,128.5983749985462,2170;6270,6270
0fa1ec36488a,jev,8035,en-US,2,calendar_set,calendar_set,1.0,1.0,True,req_01a0d04adc3e734293b82c70cf1cdd23,req_01a0d09c7d5071f396a2e5e3fc39f5a7,204.6388749986363,143.8747920037713,2195;6295,6295
0fa1ec36488a,jev,8079,en-US,2,calendar_set,calendar_set,1.0,1.0,True,req_01a0d04ad90c7da1a3b2d2a47941af85,req_01a0d09c7b5e7fc79f9361beb047e71b,220.4454579987214,88.44437500374625,2157;6257,6257
0fa1ec36488a,jev,8245,en-US,2,calendar_set,calendar_set,1.0,1.0,True,req_01a0d04ad4b67bb995b5bf50d88e3563,req_01a0d09c79627804a0322fd64255a9ed,160.20345899960375,290.17929199471837,2112;6212,6212
0fa1ec36488a,jev,8289,en-US,2,calendar_set,calendar_set,1.0,1.0,True,req_01a0d04ad9537adcb12ada4a6f38ca86,req_01a0d09c7bba75feb85c2d424e1d6d3d,163.9375420018041,166.64583300007507,2161;6261,6261
0fa1ec36488a,jev,8387,en-US,2,calendar_set,calendar_set,1.0,1.0,True,req_01a0d04ad5907e5dbbedc148672f4f6e,req_01a0d09c79bf7b71aef62c5b0a2994ee,331.0300829980406,132.4425830025575,2124;6224,6224
0fa1ec36488a,jev,8541,en-US,2,calendar_set,calendar_set,0.77,0.76,True,req_01a0d04ad9a4705d9d45e7fe6b99aff9,req_01a0d09c7bf872e4807b39d921ca8dfa,258.9975839982799,113.87787500279956,2166;6266,6266
0fa1ec36488a,jev,8694,en-US,2,qa_factoid,qa_factoid,0.45,0.44,True,req_01a0d04ad66d796a984f616a0e22dc79,req_01a0d09c7a9871b9b706956856b716d0,289.32766700017964,626.6552079978283,2133;6233,6233
0fa1ec36488a,jev,8730,en-US,2,calendar_set,calendar_set,1.0,1.0,True,req_01a0d04ad4d97809b367d10166fb2247,req_01a0d09c79627614ba8bf08806afe9ce,163.42699999950128,261.21187500393717,2114;6214,6214
0fa1ec36488a,jev,8967,en-US,2,calendar_set,calendar_set,1.0,1.0,True,req_01a0d04ad56d70f8a099e71bd3781bb7,req_01a0d09c796476fd9180f532d64d4743,323.90816699989955,207.18087499699323,2122;6222,6222
0fa1ec36488a,jev,8977,en-US,2,calendar_set,calendar_set,1.0,1.0,True,req_01a0d04ad86175cb888de0a5d4a9aa01,req_01a0d09c7b35788e9cce02d589bf22e7,326.67112499984796,161.9636250034091,2152;6252,6252
0fa1ec36488a,jev,9043,en-US,2,calendar_set,calendar_set,0.68,0.73,True,req_01a0d04adbd875d9b7a9bd4eeae51dc8,req_01a0d09c7d1b74239113ee6eb184aac7,212.27799999905983,120.20791699615074,2192;6292,6292
0fa1ec36488a,jev,9153,en-US,2,calendar_set,calendar_set,1.0,1.0,True,req_01a0d04ad99d7424b2282888be2d21be,req_01a0d09c7bd27ea39819b253e9a6cb31,257.26729099915246,134.5408330016653,2164;6264,6264
0fa1ec36488a,jev,9738,en-US,2,play_music,play_music,1.0,1.0,True,req_01a0d04ad99e7ff1ab222f91ecc1d3b1,req_01a0d09c7bbf71839524397b5845a5a6,221.2172500003362,167.60375000012573,2163;6263,6263
4d19c7f66228,jev,12987,en-US,2,general_quirky,general_quirky,0.93,0.93,True,req_01a0d04ae5267b3a8cd4f99ce1160e45,req_01a0d09ce206747098b1d1eea6970dee,265.06579099805094,222.1352500055218,2280;6480,6480
4d19c7f66228,jev,13067,en-US,2,general_quirky,general_quirky,0.71,0.74,True,req_01a0d04adef477f0b40ffe1625e1ce6a,req_01a0d09cde38780895dfe2f3b35fe664,375.87962500037975,272.01220900315093,2200;6400,6400
4d19c7f66228,jev,13150,en-US,2,general_quirky,general_quirky,0.95,0.96,True,req_01a0d04ae5ef70bca904c1c0b5f34726,req_01a0d09ce2a873468bb9da4aa7480bc3,110.48087499875692,298.2105000046431,2290;6490,6490
4d19c7f66228,jev,13175,en-US,2,qa_factoid,qa_factoid,0.64,0.67,True,req_01a0d04ae0b27dfbad89e09aec7b92f7,req_01a0d09cdf377b62b4efd2739ab156e2,258.57691599958343,106.13612499582814,2227;6427,6427
4d19c7f66228,jev,13297,en-US,2,qa_factoid,qa_factoid,0.91,0.92,True,req_01a0d04ae4827d38b8bfaff6222dd7b3,req_01a0d09ce17e736e85d3099f0ce14c88,235.2195829989796,100.1690829943982,2271;6471,6471
4d19c7f66228,jev,13363,en-US,2,general_quirky,general_quirky,0.66,0.65,True,req_01a0d04ae5a678bd87b039879637046a,req_01a0d09ce2437ac08d7f23cdfceeb4d8,161.85562499958905,141.18158299970673,2286;6486,6486
4d19c7f66228,jev,13451,en-US,2,general_quirky,general_quirky,1.0,1.0,True,req_01a0d04adf6d71aba3e054dc6cc95708,req_01a0d09cde1b73acbcfe42d3cc2e64ba,201.27041599698714,255.59562499984168,2210;6410,6410
4d19c7f66228,jev,13491,en-US,2,qa_factoid,qa_factoid,0.63,0.54,True,req_01a0d04ae5d67fa596f39f539b505702,req_01a0d09ce27b7e02b7ca91b32ad2c36d,180.61829200087232,124.23049999779323,2289;6489,6489
4d19c7f66228,jev,13616,en-US,2,qa_factoid,qa_factoid,0.88,0.89,True,req_01a0d04ae1d47c2185b0b51aba71ae07,req_01a0d09cdfe2704f8f194248e55bbec8,248.30241599920555,110.37641599978087,2238;6438,6438
4d19c7f66228,jev,13681,en-US,2,qa_factoid,qa_factoid,1.0,1.0,True,req_01a0d04ae0ca773685d7ca7b50013ab7,req_01a0d09cdf757e01a27d0a504726eecf,177.9770829998597,125.2178750000894,2228;6428,6428
4d19c7f66228,jev,13693,en-US,2,qa_factoid,qa_factoid,1.0,1.0,True,req_01a0d04ae43878cf9cc6486bd9fbddae,req_01a0d09ce15a7e1b8684761a22572caa,241.14837500019348,187.5170409985003,2268;6468,6468
4d19c7f66228,jev,13854,en-US,2,qa_factoid,qa_factoid,0.9400000000000001,0.93,True,req_01a0d04ae0b57391931dd3cf9c48c845,req_01a0d09cdf3b792f97bfc438ca7f0a2c,281.46720899894717,169.1966250000405,2226;6426,6426
4d19c7f66228,jev,1401,en-US,2,general_quirky,general_quirky,1.0,0.99,True,req_01a0d04ae43c7c3492938dc0b235290f,req_01a0d09ce174770083447548e063f7c0,262.5382499973057,157.65475000080187,2269;6469,6469
4d19c7f66228,jev,14011,en-US,2,qa_factoid,qa_factoid,0.95,0.95,True,req_01a0d04ae63d7879824b8508e95b4c05,req_01a0d09ce2f07e54a8d410c25e9e4076,121.63004099784303,225.55945799831534,2296;6496,6496
4d19c7f66228,jev,14015,en-US,2,qa_factoid,qa_factoid,1.0,1.0,True,req_01a0d04ae3467e0db2cb7c4ca6eaab8e,req_01a0d09ce0d671718a43b25cf8220fc0,100.88795899719116,110.83679200237384,2255;6455,6455
4d19c7f66228,jev,14083,en-US,2,qa_factoid,qa_factoid,1.0,1.0,True,req_01a0d04adf1d79a98d984125d62aa19a,req_01a0d09cde187f58b3d5e94748bd845f,473.5809999983758,210.49966699501965,2208;6408,6408
4d19c7f66228,jev,14118,en-US,2,qa_factoid,qa_factoid,1.0,1.0,True,req_01a0d04adfa075faaa504d23aaaf7b84,req_01a0d09cde12778bb2d003db7d729a60,230.67141600040486,289.95533299894305,2211;6411,6411
4d19c7f66228,jev,14126,en-US,2,qa_factoid,qa_factoid,1.0,1.0,True,req_01a0d04adee176399498557756ae4511,req_01a0d09cde117af797ad3bc8e20f4d9c,403.5937080006988,248.20829199597938,2203;6403,6403
4d19c7f66228,jev,14306,en-US,2,qa_factoid,qa_factoid,1.0,1.0,True,req_01a0d04ae6347ccba2daf8da37f682d0,req_01a0d09ce2c77c729c5ee6f0cdc49c76,128.37924999985262,231.07599999639206,2293;6493,6493
4d19c7f66228,jev,14339,en-US,2,qa_factoid,qa_factoid,0.99,0.98,True,req_01a0d04ae1e1710b824034893d57d34b,req_01a0d09cdfa5777f8826e5c2020e15fd,342.5758749981469,169.7513750041253,2236;6436,6436
4d19c7f66228,jev,14356,en-US,2,general_quirky,general_quirky,0.96,0.96,True,req_01a0d04ae25d711ba5f7b30b59ef464e,req_01a0d09ce02c7190bcc395d0580b96ac,247.83525000020745,204.10749999427935,2244;6444,6444
4d19c7f66228,jev,1440,en-US,2,play_music,play_music,1.0,1.0,True,req_01a0d04ae60b7a4a90b90efee4d82cc0,req_01a0d09ce2bb76ef868c8f2197a4bef5,142.60795800146298,245.706165995216,2291;6491,6491
4d19c7f66228,jev,14509,en-US,2,qa_factoid,qa_factoid,1.0,1.0,True,req_01a0d04ae4ed70aa8506f44dff42a132,req_01a0d09ce1df78a7b5613accb1960d5d,128.90416699883644,156.25104200444184,2277;6477,6477
4d19c7f66228,jev,14597,en-US,2,qa_factoid,qa_factoid,1.0,1.0,True,req_01a0d04ae4f77bc59be10001def16f64,req_01a0d09ce1e77e73ba74200e34aea975,224.85083300125552,212.77033299702452,2278;6478,6478
4d19c7f66228,jev,14683,en-US,2,qa_factoid,qa_factoid,0.99,0.99,True,req_01a0d04ae21979ba88445c15836169e3,req_01a0d09ce00d7b5caaef3d681e3075d8,231.5297500026645,190.69524999940768,2241;6441,6441
4d19c7f66228,jev,14787,en-US,2,calendar_query,calendar_query,0.52,0.5,True,req_01a0d04ae5c07b3a9a678fa9ba43f5e9,req_01a0d09ce26177ae9da7074453e20152,125.76158400042914,142.7232499991078,2288;6488,6488
4d19c7f66228,jev,14891,en-US,2,qa_factoid,qa_factoid,0.99,0.99,True,req_01a0d04ae4bf78b0bd2b6e7918e1075b,req_01a0d09ce1c37a05a4d31d7d5b2981dc,223.62291699755588,120.69995800266042,2275;6475,6475
4d19c7f66228,jev,14958,en-US,2,qa_factoid,qa_factoid,0.73,0.65,True,req_01a0d04ae1cc7571979acef7d0bdda24,req_01a0d09cdfef78d5ae1b0f34353c9529,145.48408299742732,138.61033400462475,2239;6439,6439
4d19c7f66228,jev,14994,en-US,2,qa_factoid,qa_factoid,0.9400000000000001,0.94,True,req_01a0d04ae0cf758591332f87d83da2b8,req_01a0d09cdf73796d98c702b22d7d7efb,239.89254199841525,140.51445800578222,2229;6429,6429
4d19c7f66228,jev,15055,en-US,2,qa_factoid,qa_factoid,0.99,1.0,True,req_01a0d04ae26e71d3b677beddb3b5799b,req_01a0d09ce04e76bfb6413bbe7df9bd23,225.20299999814597,150.52750000177184,2246;6446,6446
4d19c7f66228,jev,15094,en-US,2,qa_factoid,qa_factoid,1.0,1.0,True,req_01a0d04ae64a78b5ac7e127f4f0dbb7c,req_01a0d09ce2ed7fa086e4a43224be6a88,223.68958399965777,226.21179199632024,2297;6497,6497
4d19c7f66228,jev,1547,en-US,2,weather_query,weather_query,1.0,1.0,True,req_01a0d04ae3987bf4afe0204a0f1999b4,req_01a0d09ce0f17f16a0bcff2d02014c5e,263.7942920009664,206.9428329996299,2260;6460,6460
4d19c7f66228,jev,1549,en-US,2,weather_query,weather_query,1.0,1.0,True,req_01a0d04ae4c97b8088aa241d7edf96d7,req_01a0d09ce19d71d6b4309ebe302a2499,196.2696659975336,115.8696249985951,2274;6474,6474
4d19c7f66228,jev,1722,en-US,2,weather_query,weather_query,0.98,0.98,True,req_01a0d04adfe074098ef804eaf9fe8480,req_01a0d09cde9a769b836343dd075547ca,258.8303750017076,118.69816700345837,2213;6413,6413
4d19c7f66228,jev,185,en-US,2,play_music,play_music,1.0,1.0,True,req_01a0d04ae1a7792ba6c0273756e110a5,req_01a0d09cdfb877f5ad8536450ca28baa,173.46295899915276,141.3666660009767,2235;6435,6435
4d19c7f66228,jev,1866,en-US,2,weather_query,weather_query,1.0,1.0,True,req_01a0d04ae2ab7f78b6a3241521343769,req_01a0d09ce0517dfab40dc235a2355fb5,177.46983299730346,122.13104200054659,2247;6447,6447
4d19c7f66228,jev,1933,en-US,2,weather_query,weather_query,1.0,1.0,True,req_01a0d04adffc75eb964428fdb733f45a,req_01a0d09cdec777df809386bde053b4f0,124.59941600172897,196.32470900251064,2218;6418,6418
4d19c7f66228,jev,1995,en-US,2,play_music,play_music,1.0,1.0,True,req_01a0d04ae2de74ca8db5c00ca9a6ba62,req_01a0d09ce05b794a93850cfd1836594a,232.70970799785573,147.92095799930394,2249;6449,6449
4d19c7f66228,jev,2108,en-US,2,play_music,play_music,1.0,1.0,True,req_01a0d04ae4f5764ab59115843fa4ccb5,req_01a0d09ce1c17f288a391ad01d5ea26b,205.29104199886206,155.98266600136412,2276;6476,6476
4d19c7f66228,jev,2178,en-US,2,weather_query,weather_query,1.0,1.0,True,req_01a0d04aded3714b98dc350d2316b426,req_01a0d09cde1777f9b2495069ace1e7d0,363.8699160001124,227.08108299411833,2209;6409,6409
4d19c7f66228,jev,2408,en-US,2,play_music,play_music,0.93,0.93,True,req_01a0d04ade817c26b3d1abfa9c439996,req_01a0d09cde117cd792fbf1e76da7ac1a,355.41983299845015,236.35133299831068,2201;6401,6401
4d19c7f66228,jev,2704,en-US,2,play_music,play_music,1.0,1.0,True,req_01a0d04ae36f7edb8c052188a99329b7,req_01a0d09ce0e779a58551ae581de3b1c6,135.57516600121744,110.3709169983631,2258;6458,6458
4d19c7f66228,jev,3096,en-US,2,weather_query,weather_query,1.0,1.0,True,req_01a0d04aded079e7a6465edd7b4ce982,req_01a0d09cde11770e9db591ffb0bcc031,446.48366699766484,276.4768749984796,2207;6407,6407
4d19c7f66228,jev,3400,en-US,2,play_music,play_music,1.0,1.0,True,req_01a0d04ae23479c6bab893114b8bb784,req_01a0d09ce0077d52a8ea4f108dc877d9,167.2943750018021,129.3277090007905,2242;6442,6442
4d19c7f66228,jev,3408,en-US,2,weather_query,weather_query,1.0,1.0,True,req_01a0d04ae1be7e078b3911e6a0ce2010,req_01a0d09cdfba7c34846f78985af5db3b,231.99191599996993,171.47258300246904,2237;6437,6437
4d19c7f66228,jev,3434,en-US,2,play_music,play_music,0.75,0.75,True,req_01a0d04ae54b7eb2a9f700eb20aa9913,req_01a0d09ce21f7e5b93582c565ba1d450,156.94349999830592,232.6688329994795,2282;6482,6482
4d19c7f66228,jev,3447,en-US,2,weather_query,weather_query,1.0,1.0,True,req_01a0d04ae65972b08f56e051c5f3895c,req_01a0d09ce2f77e25b7aed1c8a668e8ed,323.1441669995547,304.39574999763863,2298;6498,6498
4d19c7f66228,jev,3539,en-US,2,play_music,play_music,1.0,1.0,True,req_01a0d04ae63679b1a2773e09a20f8a61,req_01a0d09ce2fc717ba086f93a9706c853,283.5796670005948,198.06987499759998,2294;6494,6494
4d19c7f66228,jev,3911,en-US,2,play_music,play_music,0.9,0.9,True,req_01a0d04ae4177ee19c4a5a0fe378f620,req_01a0d09ce15f74a19b88e27e72fb3b44,165.63249999671825,105.49766699841712,2267;6467,6467
4d19c7f66228,jev,397,en-US,2,play_music,play_music,1.0,1.0,True,req_01a0d04ade757acbbce0ed0c980c9c1e,req_01a0d09cde2f7190b977ae5359ee4e54,305.51570799798355,337.4333329993533,2202;6402,6402
4d19c7f66228,jev,4040,en-US,2,play_music,play_music,1.0,1.0,True,req_01a0d04ae0a6792aaaa94eea5abae28f,req_01a0d09cdf197fbfae0020dec0863572,248.14316599804442,116.09862499608425,2225;6425,6425
4d19c7f66228,jev,407,en-US,2,play_music,play_music,1.0,1.0,True,req_01a0d04ae09a7b3c84358f42b42ab5cd,req_01a0d09cdf0d7015a066dc69e9be8513,239.39891600093688,138.23412499914411,2223;6423,6423
4d19c7f66228,jev,4232,en-US,2,play_music,play_music,1.0,1.0,True,req_01a0d04ae5877c0e94d4d52d775ff8cb,req_01a0d09ce2577e0a840c2807cc4b441b,175.37012500179117,210.87287500267848,2285;6485,6485
4d19c7f66228,jev,4313,en-US,2,weather_query,weather_query,1.0,1.0,True,req_01a0d04ae2457f2a86d245e4180c52fd,req_01a0d09ce0457ab58d3c00cae5aad69a,176.99187499965774,156.90183300466742,2243;6443,6443
4d19c7f66228,jev,4376,en-US,2,weather_query,weather_query,1.0,1.0,True,req_01a0d04ae0327a9fb82336066c029620,req_01a0d09cdedc74b4b5b72d34b86b39ca,180.84900000030757,208.60945799358888,2219;6419,6419
4d19c7f66228,jev,4383,en-US,2,weather_query,weather_query,1.0,1.0,True,req_01a0d04ae174754ebef5a50599f5ea9b,req_01a0d09cdf95792ca7d7d06426211f68,139.08220900339074,235.5511670029955,2231;6431,6431
4d19c7f66228,jev,4436,en-US,2,general_quirky,general_quirky,0.52,0.52,True,req_01a0d04aded879989672b5f63defa4f9,req_01a0d09cde087f0fbfb2638452875ee1,418.2098750025034,274.920416995883,2206;6406,6406
4d19c7f66228,jev,4482,en-US,2,weather_query,weather_query,0.99,0.99,True,req_01a0d04ae48d75fd817013609cf7229b,req_01a0d09ce18b793996b3404164d5dfd9,132.42212499972084,124.78275000466965,2272;6472,6472
4d19c7f66228,jev,4587,en-US,2,play_music,play_music,1.0,1.0,True,req_01a0d04ae0327eb797dc251029f8feed,req_01a0d09cdecf763ba9c2adc76fe7bf80,258.49220899908687,162.7546249947045,2220;6420,6420
4d19c7f66228,jev,473,en-US,2,play_music,play_music,0.66,0.62,True,req_01a0d04adfd476c096adcd3378a19ebb,req_01a0d09cdeb87cfb8677954ffb382da9,201.45279200005461,129.7794169950066,2217;6417,6417
4d19c7f66228,jev,491,en-US,2,weather_query,weather_query,1.0,1.0,True,req_01a0d04adfd477edbab0c2c8986e0d67,req_01a0d09cdea979e4b3f028f202b15433,226.03520899792784,141.00537500053179,2216;6416,6416
4d19c7f66228,jev,4917,en-US,2,weather_query,weather_query,1.0,1.0,True,req_01a0d04adece742db9ef1c341ec24068,req_01a0d09cde29753dacd18f1e1d661a23,412.3648340028012,233.95820899895625,2205;6405,6405
4d19c7f66228,jev,5278,en-US,2,play_music,play_music,1.0,1.0,True,req_01a0d04ae32f7144a844bba43e6f6e93,req_01a0d09ce0907f619ab475b768231088,228.8120830016851,121.2448329970357,2253;6453,6453
4d19c7f66228,jev,5318,en-US,2,play_music,play_music,1.0,1.0,True,req_01a0d04ae5a67ee38a2bee621077251e,req_01a0d09ce25d7bffae136cdd1083b72c,98.33945900027175,164.2627920009545,2287;6487,6487
4d19c7f66228,jev,5414,en-US,2,play_music,play_music,1.0,1.0,True,req_01a0d04adeda7526a245fb7cdaaf0755,req_01a0d09cde107c8dbcfad7030adb07c6,415.24191699863877,202.236791003088,2204;6404,6404
4d19c7f66228,jev,5465,en-US,2,weather_query,weather_query,0.66,0.67,True,req_01a0d04ae19b74298a800e88d33bd0b2,req_01a0d09cdf917130ba7e9866b0c19d05,171.70341599921812,117.08862500381656,2234;6434,6434
4d19c7f66228,jev,5658,en-US,2,play_music,play_music,1.0,1.0,True,req_01a0d04ae4a17b74a531cf5521de0926,req_01a0d09ce18c70749c763425657ebed3,171.6870829986874,124.00937500206055,2273;6473,6473
4d19c7f66228,jev,5721,en-US,2,weather_query,weather_query,1.0,1.0,True,req_01a0d04ae3b372e28ff78cc9ef712cf2,req_01a0d09ce10775a9902d318fb948f432,201.43470900075044,104.27974999765866,2262;6462,6462
4d19c7f66228,jev,6267,en-US,2,qa_factoid,qa_factoid,0.53,0.65,True,req_01a0d04ae2607b78a3b438e4c249e84e,req_01a0d09ce05175d8b1dd705e9d0ffae7,201.17291700080386,158.27945800265297,2245;6445,6445
4d19c7f66228,jev,6289,en-US,2,weather_query,weather_query,1.0,1.0,True,req_01a0d04ae2087760bd5048166f04d223,req_01a0d09ce0017d9391450fda1708edf7,332.9160419998516,122.4462090031011,2240;6440,6440
4d19c7f66228,jev,6295,en-US,2,general_quirky,general_quirky,0.99,0.99,True,req_01a0d04ae3027f9580ce3afe83b74586,req_01a0d09ce0737359988630b78d19573c,170.3341669999645,124.66466699697776,2251;6451,6451
4d19c7f66228,jev,6353,en-US,2,general_quirky,general_quirky,0.83,0.86,True,req_01a0d04ae5767ecea442e1a5f134fd23,req_01a0d09ce2257cb7a20d8f3ff3bbe94a,207.10729100028402,175.3070420018048,2284;6484,6484
4d19c7f66228,jev,6385,en-US,2,qa_factoid,qa_factoid,0.86,0.83,True,req_01a0d04ae2ef7280a0ac007b32a83100,req_01a0d09ce084789396db2772d5be9135,127.02912500026287,155.07941599935293,2250;6450,6450
4d19c7f66228,jev,6405,en-US,2,qa_factoid,qa_factoid,0.99,0.99,True,req_01a0d04ae3f970698c6bedcf319f4a25,req_01a0d09ce13c7b9aab49d612c830ce3a,194.98237500010873,218.6927500006277,2265;6465,6465
4d19c7f66228,jev,6424,en-US,2,general_quirky,general_quirky,1.0,1.0,True,req_01a0d04ae5427f3ab3529938104e0f6f,req_01a0d09ce2037d42a3a3f11814078126,128.20450000072015,85.83866599656176,2281;6481,6481
4d19c7f66228,jev,6438,en-US,2,general_quirky,general_quirky,0.95,0.91,True,req_01a0d04ae56b7824855cf81b8cd160a7,req_01a0d09ce21977598975fa335cfed87a,235.68945900115068,134.65770799666643,2283;6483,6483
4d19c7f66228,jev,6485,en-US,2,general_quirky,general_quirky,0.93,0.93,True,req_01a0d04ae37f7077a70af076463d2890,req_01a0d09ce0f178e2abf6f736e676c7c0,155.56495800046832,154.40625000337604,2259;6459,6459
4d19c7f66228,jev,6495,en-US,2,general_quirky,general_quirky,0.74,0.72,True,req_01a0d04ae2c979c09590ab9e2fa6c0ba,req_01a0d09ce05c7df1abc3489294b6b400,211.9889579989831,175.9784160021809,2248;6448,6448
4d19c7f66228,jev,6720,en-US,2,qa_factoid,qa_factoid,0.77,0.72,True,req_01a0d04ae1367b3283c0bedd85f3ccff,req_01a0d09cdf7070079211ae099488ff4d,225.67283399985172,150.29612500075018,2230;6430,6430
4d19c7f66228,jev,6737,en-US,2,calendar_set,calendar_set,0.93,0.94,True,req_01a0d04adfd87404984b893443e6bf1e,req_01a0d09cdeaa7095b2ccdbc014a21d99,200.80966599925887,118.06954100029543,2215;6415,6415
4d19c7f66228,jev,7044,en-US,2,calendar_set,calendar_set,1.0,1.0,True,req_01a0d04ae17a72b5a5daccc3560b3cde,req_01a0d09cdf9f7934819ee8348103a35a,237.42312499962281,171.50787499849685,2232;6432,6432
4d19c7f66228,jev,7073,en-US,2,calendar_query,calendar_query,0.82,0.82,True,req_01a0d04ae5187310b75fa0af48890b2f,req_01a0d09ce21070d8aab111440f7bdc9e,435.2690830019128,215.6587089993991,2279;6479,6479
4d19c7f66228,jev,7152,en-US,2,calendar_set,calendar_set,1.0,1.0,True,req_01a0d04ae3547c7c8cf4117f29585726,req_01a0d09ce0cb7c6bb46c750dca4586f9,171.54791700158967,145.94041699456284,2256;6456,6456
4d19c7f66228,jev,7170,en-US,2,calendar_set,calendar_set,1.0,1.0,True,req_01a0d04ae68b7ee89b2aa82b4fa2dc32,req_01a0d09ce2f9707d9d16db001e6fc968,133.20845799898962,149.5084170019254,2299;6499,6499
4d19c7f66228,jev,7697,en-US,2,calendar_set,calendar_set,1.0,1.0,True,req_01a0d04ae0737a89b8b123ac604d37ff,req_01a0d09cdedc7e72920a3dc1feab7f5a,259.43495799947414,155.72762500232784,2221;6421,6421
4d19c7f66228,jev,779,en-US,2,play_music,play_music,1.0,1.0,True,req_01a0d04ae34979978efc7765632b1cb2,req_01a0d09ce0cc702b9ce2870137e459b7,238.77883400200517,184.07041700265836,2254;6454,6454
4d19c7f66228,jev,782,en-US,2,play_music,play_music,1.0,1.0,True,req_01a0d04ae46670c78ca1469e2ea6a030,req_01a0d09ce17d761e965ca613ea9d6bd1,147.48304200111306,95.5051250057295,2270;6470,6470
4d19c7f66228,jev,8035,en-US,2,calendar_set,calendar_set,1.0,1.0,True,req_01a0d04ae63c741281ef7e12aa57fe0e,req_01a0d09ce2e97deaa9a90c887e46563b,150.19104200109723,272.65287499903934,2295;6495,6495
4d19c7f66228,jev,8079,en-US,2,calendar_set,calendar_set,1.0,1.0,True,req_01a0d04ae358783e9ec376433c714bab,req_01a0d09ce0e87234b5f4d533ef715b73,269.41987500322284,121.98820900084684,2257;6457,6457
4d19c7f66228,jev,8245,en-US,2,calendar_set,calendar_set,1.0,1.0,True,req_01a0d04adfa5776c81f5186ff85c7352,req_01a0d09cde867f9abe23abcde968ea6c,296.52962500040303,243.20445799821755,2212;6412,6412
4d19c7f66228,jev,8289,en-US,2,calendar_set,calendar_set,1.0,1.0,True,req_01a0d04ae3ab72c3adf52532c2dd126e,req_01a0d09ce0fc7bb3b74209ee4b4d5417,138.6931659981201,141.50225000048522,2261;6461,6461
4d19c7f66228,jev,8387,en-US,2,calendar_set,calendar_set,1.0,1.0,True,req_01a0d04ae09a7206b9a0c66323d4d04e,req_01a0d09cdf1071179dc0f0c6f65eee7b,309.0358329973242,165.16608300298685,2224;6424,6424
4d19c7f66228,jev,8541,en-US,2,calendar_set,calendar_set,0.75,0.72,True,req_01a0d04ae41d72858a583bae8b1f9175,req_01a0d09ce1537fd79e36840676d3afc5,223.71416700116242,398.0604590033181,2266;6466,6466
4d19c7f66228,jev,8694,en-US,2,qa_factoid,qa_factoid,0.45,0.43,True,req_01a0d04ae184769385984d315acfe93b,req_01a0d09cdf8e7b1bb715991fc7d2a179,170.2460839987907,204.11299999977928,2233;6433,6433
4d19c7f66228,jev,8730,en-US,2,calendar_set,calendar_set,1.0,1.0,True,req_01a0d04adfcb70bbb26f28d078824148,req_01a0d09cdeab7c6f935f4bd017bbc3f9,208.319917001063,202.61887499509612,2214;6414,6414
4d19c7f66228,jev,8967,en-US,2,calendar_set,calendar_set,1.0,1.0,True,req_01a0d04ae07e708299a701e0dc8ace7d,req_01a0d09cdee5745588a97a18c363652f,302.0494160009548,358.3622500009369,2222;6422,6422
4d19c7f66228,jev,8977,en-US,2,calendar_set,calendar_set,1.0,1.0,True,req_01a0d04ae30f7854b2dcefb8b80e591e,req_01a0d09ce09a773387fe2ad569028582,113.07916700025089,283.8602499978151,2252;6452,6452
4d19c7f66228,jev,9043,en-US,2,calendar_query,calendar_query,1.0,1.0,True,req_01a0d04ae633724eb4641b67d8cf11b5,req_01a0d09ce2c87487999ca05343a9e71f,208.75483399868244,140.77254199946765,2292;6492,6492
4d19c7f66228,jev,9153,en-US,2,calendar_set,calendar_set,1.0,1.0,True,req_01a0d04ae3fc7182aa86adfbd1e91b08,req_01a0d09ce10c7310983e8ef20a2d3c64,227.53087499950198,107.70724999747472,2264;6464,6464
4d19c7f66228,jev,9738,en-US,2,play_music,play_music,1.0,1.0,True,req_01a0d04ae3c1749ba0ac44fdad45dd5b,req_01a0d09ce10c73d7a37ad7caec27e444,206.98437499959255,312.576459000411,2263;6463,6463
c403eef085be,jev,12987,en-US,2,general_quirky,general_quirky,0.77,0.78,True,req_01a0d04af87c79a7af81999d24ddffdd,req_01a0d09d6c6a753b8571ee524c3a524f,257.8198749979492,152.258250003797,2480;6880,6880
c403eef085be,jev,13067,en-US,2,lists_createoradd,lists_createoradd,0.47000000000000003,0.5,True,req_01a0d04af19878db87cadd81208389cf,req_01a0d09d680e7c45a4f4961b70366e1e,211.56562499891152,378.59541699435795,2400;6800,6800
c403eef085be,jev,13150,en-US,2,cooking_recipe,cooking_recipe,0.73,0.74,True,req_01a0d04af960779b9c7df5e94a098aad,req_01a0d09d6d1c79509276f80d41778dd6,320.18670800243854,184.16533300478477,2490;6890,6890
c403eef085be,jev,13175,en-US,2,qa_factoid,qa_factoid,0.7,0.67,True,req_01a0d04af35e77859758acd4e4a4f933,req_01a0d09d695873f6b37a157b9e0d694b,300.6695830008539,169.44837500341237,2427;6827,6827
c403eef085be,jev,13297,en-US,2,qa_definition,qa_definition,0.77,0.84,True,req_01a0d04af79d7c64b93f8f2858c895ea,req_01a0d09d6bc57345b9a5d44b652b52c6,223.02841700002318,164.5506659988314,2471;6871,6871
c403eef085be,jev,13363,en-US,2,qa_factoid,general_quirky,0.49,0.53,False,req_01a0d04af9377fddbbbde691d75a0d80,req_01a0d09d6cf97597a2b4fed95253ce6b,146.37025000047288,200.29337499727262,2486;6886,6886
c403eef085be,jev,13451,en-US,2,general_quirky,general_quirky,0.92,0.93,True,req_01a0d04af22e72c2a05966aab27862d5,req_01a0d09d680f79e7a593a120e6bab433,213.73104200029047,246.61404200014658,2410;6810,6810
c403eef085be,jev,13491,en-US,2,qa_factoid,qa_factoid,0.73,0.74,True,req_01a0d04af95c7b53837ee4ba077edd4b,req_01a0d09d6d067859ae6dacdeb6076bf9,136.06441699812422,166.77362499467563,2489;6889,6889
c403eef085be,jev,13616,en-US,2,qa_factoid,qa_factoid,0.58,0.54,True,req_01a0d04af47f7f0bb06072a9275ef092,req_01a0d09d69e676fe9681b7d76454ee24,286.3785419976921,120.40970900125103,2438;6838,6838
c403eef085be,jev,13681,en-US,2,qa_factoid,qa_factoid,1.0,1.0,True,req_01a0d04af36879bdb004a99b59b7e2fc,req_01a0d09d695d79828f56ae9a5c64fcb4,206.15012499911245,204.57970799907343,2428;6828,6828
c403eef085be,jev,13693,en-US,2,qa_factoid,qa_factoid,0.98,0.97,True,req_01a0d04af76174e8ab67660e659bb569,req_01a0d09d6bbd7d55922b14421cbfbf9f,220.25420800127904,236.3750419972348,2468;6868,6868
c403eef085be,jev,13854,en-US,2,qa_factoid,qa_factoid,0.96,0.95,True,req_01a0d04af3487f71ba48d85452533746,req_01a0d09d6926732aa9625cb612810258,207.65479100009543,198.00116599799367,2426;6826,6826
c403eef085be,jev,1401,en-US,2,general_quirky,general_quirky,0.84,0.81,True,req_01a0d04af77a7dceae8ba0212ca2b285,req_01a0d09d6bbd71289ca3a6d62805fd21,256.1444999992091,204.07720899675041,2469;6869,6869
c403eef085be,jev,14011,en-US,2,qa_factoid,qa_factoid,0.97,0.98,True,req_01a0d04af9d97c289398abee361b9610,req_01a0d09d6d837e7daa23ccb43ae837ef,118.1696669991652,161.94283299410017,2496;6896,6896
c403eef085be,jev,14015,en-US,2,qa_factoid,qa_factoid,0.99,0.98,True,req_01a0d04af5f67676b549defb4bad793a,req_01a0d09d6af57c18a9a4fa740a476b0b,293.4397499993793,193.30870799603872,2455;6855,6855
c403eef085be,jev,14083,en-US,2,qa_factoid,qa_factoid,1.0,1.0,True,req_01a0d04af1b370c29f16b1328cff272f,req_01a0d09d680f715cabc746006f4f3f63,233.68508299972746,294.3605829932494,2408;6808,6808
c403eef085be,jev,14118,en-US,2,qa_factoid,qa_factoid,0.99,0.99,True,req_01a0d04af22d7ad3870c57d738f6989b,req_01a0d09d680d7fc49445a268216ae993,168.6375000026601,291.23545800393913,2411;6811,6811
c403eef085be,jev,14126,en-US,2,qa_factoid,qa_factoid,0.98,0.97,True,req_01a0d04af1b67f4b863064cb8787ecce,req_01a0d09d681379b586490efd585ae412,362.2996249978314,299.0403330040863,2403;6803,6803
c403eef085be,jev,14306,en-US,2,qa_factoid,qa_factoid,0.96,0.97,True,req_01a0d04af9a97baaba7d4fd9a10fce98,req_01a0d09d6d447c4c87d9e06a6c977e85,156.01866700308165,192.71166699763853,2493;6893,6893
c403eef085be,jev,14339,en-US,2,qa_factoid,qa_factoid,0.93,0.96,True,req_01a0d04af43672319d37e51cbdde1fa0,req_01a0d09d69cb77cc8fa8b129c8294240,203.34433400057605,190.73029200080782,2436;6836,6836
c403eef085be,jev,14356,en-US,2,general_quirky,general_quirky,0.93,0.88,True,req_01a0d04af4c77c9dbee7caaa2aa4d845,req_01a0d09d6a377bbeb1ff331815f29d0c,232.96187500091037,217.51258299627807,2444;6844,6844
c403eef085be,jev,1440,en-US,2,play_music,play_music,0.97,0.97,True,req_01a0d04af9637544aa58c4a574b89589,req_01a0d09d6d1a719fac98f133a047d76d,251.91341599929729,183.98175000038464,2491;6891,6891
c403eef085be,jev,14509,en-US,2,qa_factoid,qa_factoid,1.0,1.0,True,req_01a0d04af8507cdf89a99fa149400f3a,req_01a0d09d6c607c2e8257f07f63be7433,274.9907500001427,193.53250000131084,2477;6877,6877
c403eef085be,jev,14597,en-US,2,qa_factoid,qa_factoid,1.0,1.0,True,req_01a0d04af8587ed084d1eb07c0551516,req_01a0d09d6c6b718997b20b17ae5d2e77,258.4883750023437,279.5664579971344,2478;6878,6878
c403eef085be,jev,14683,en-US,2,qa_factoid,qa_factoid,0.99,0.99,True,req_01a0d04af49b73ad9f690aed5fd0a848,req_01a0d09d6a1374b98e3bb9b5da05fefb,281.1598750013218,247.33862499851966,2441;6841,6841
c403eef085be,jev,14787,en-US,2,calendar_query,qa_factoid,0.5,0.47,False,req_01a0d04af95b751786479ca97236c5f0,req_01a0d09d6d077220b58336c124ae1ed8,174.09274999954505,226.75558300397824,2488;6888,6888
c403eef085be,jev,14891,en-US,2,qa_factoid,qa_factoid,0.99,0.98,True,req_01a0d04af82675e7a0a3669e61d0e121,req_01a0d09d6c1d7a39acefbef0c85b7a65,283.48962500240305,226.36270899965893,2475;6875,6875
c403eef085be,jev,14958,en-US,2,qa_factoid,qa_factoid,0.62,0.5700000000000001,True,req_01a0d04af495707e9f26958421e45be3,req_01a0d09d69e7767eba8cba1e3f93203f,262.71166700098547,276.9131250024657,2439;6839,6839
c403eef085be,jev,14994,en-US,2,qa_factoid,qa_factoid,0.93,0.94,True,req_01a0d04af36d7aa8a51b772bb86554f4,req_01a0d09d696777768159120783165852,293.823040999996,179.44712500320747,2429;6829,6829
c403eef085be,jev,15055,en-US,2,qa_factoid,qa_factoid,1.0,1.0,True,req_01a0d04af50971728f2c3ef9fc3f106f,req_01a0d09d6a3d7c6db4063d7c50ba82bd,242.47525000100723,232.38641700299922,2446;6846,6846
c403eef085be,jev,15094,en-US,2,qa_factoid,qa_factoid,1.0,1.0,True,req_01a0d04af9e77b6b97667b1269d99871,req_01a0d09d6d91772d8a1424967a7f1d52,190.82491700100945,326.16541600145865,2497;6897,6897
c403eef085be,jev,1547,en-US,2,weather_query,weather_query,1.0,1.0,True,req_01a0d04af67979329d62311cde7ffcc2,req_01a0d09d6b2074d6acf3b94818db853c,267.31433299937635,166.32504199515097,2460;6860,6860
c403eef085be,jev,1549,en-US,2,weather_query,weather_query,1.0,1.0,True,req_01a0d04af7d77443941fb1d8d0c755de,req_01a0d09d6bec779384ccaa27b78181e3,160.15245800008415,284.0892499953043,2474;6874,6874
c403eef085be,jev,1722,en-US,2,weather_query,weather_query,0.97,0.96,True,req_01a0d04af25679dd976428f43f26c447,req_01a0d09d68937aa4870da3d108e934fd,143.10295899849734,137.29195799533045,2413;6813,6813
c403eef085be,jev,185,en-US,2,play_music,play_music,1.0,1.0,True,req_01a0d04af40e71cdba7327369306ec1f,req_01a0d09d69ca76a0b777f613fd9aa4c1,197.82866699824808,200.29166699532652,2435;6835,6835
c403eef085be,jev,1866,en-US,2,weather_query,weather_query,1.0,1.0,True,req_01a0d04af54470e0b286595c5f4c9aa2,req_01a0d09d6a387c1c91616cefbc8db51c,230.62500000014552,173.82504099805374,2447;6847,6847
c403eef085be,jev,1933,en-US,2,weather_query,weather_query,1.0,1.0,True,req_01a0d04af33f7d8a99aa52cf1217942e,req_01a0d09d68c07f6190e765bf24c3e1f6,468.35654100141255,156.2282079976285,2418;6818,6818
c403eef085be,jev,1995,en-US,2,play_music,play_music,1.0,1.0,True,req_01a0d04af5937e5c88eb68477c299a55,req_01a0d09d6a9a78eea625c9d9b213cea9,242.96504199810443,231.50812499807216,2449;6849,6849
c403eef085be,jev,2108,en-US,2,play_music,play_music,1.0,1.0,True,req_01a0d04af83371aa8eae55729eabe03c,req_01a0d09d6c447302a657293421b3c814,220.52704200177686,219.23912499914877,2476;6876,6876
c403eef085be,jev,2178,en-US,2,weather_query,weather_query,1.0,1.0,True,req_01a0d04af1bc7c6c8e8a832f19fabfd1,req_01a0d09d6812760ab792425b06346747,211.33587499934947,302.7073749981355,2409;6809,6809
c403eef085be,jev,2408,en-US,2,music_query,music_query,0.71,0.76,True,req_01a0d04af1bc7c3ea190f17a73c1a586,req_01a0d09d67fa7a13bf6268396217ecb0,251.954499999556,376.5211249992717,2401;6801,6801
c403eef085be,jev,2704,en-US,2,play_music,play_music,0.95,0.91,True,req_01a0d04af6607125b0e865b79705d742,req_01a0d09d6b04735489da5d0912ef8a4c,263.3220000025176,124.44079099805094,2458;6858,6858
c403eef085be,jev,3096,en-US,2,weather_query,weather_query,1.0,1.0,True,req_01a0d04af1bf7b57bf604467a5dd35a4,req_01a0d09d680c74f49e645760ca7e889b,262.7633749980305,289.418124993972,2407;6807,6807
c403eef085be,jev,3400,en-US,2,play_music,play_music,1.0,1.0,True,req_01a0d04af4a577b0aa06bb18755a89a6,req_01a0d09d6a147fcda8d3b19518b8ad06,271.7285830003675,186.9685829951777,2442;6842,6842
c403eef085be,jev,3408,en-US,2,weather_query,weather_query,1.0,1.0,True,req_01a0d04af43c728d895f55e09ecc084d,req_01a0d09d69d17e1c83e864d9d404ea68,253.01258300169138,98.79095899668755,2437;6837,6837
c403eef085be,jev,3434,en-US,2,music_query,music_query,0.8,0.79,True,req_01a0d04af8817cddb6bf9ad73d84fa00,req_01a0d09d6c817ef3ac504ae91c1230c5,294.9621660009143,139.32225000462495,2482;6882,6882
c403eef085be,jev,3447,en-US,2,weather_query,weather_query,1.0,1.0,True,req_01a0d04afa047dcda46fe3a8129fc50f,req_01a0d09d6d887e9e906eb50fa8190092,180.57154099733452,257.74312499561347,2498;6898,6898
c403eef085be,jev,3539,en-US,2,play_music,play_music,1.0,1.0,True,req_01a0d04af9c1764597a04889bac73420,req_01a0d09d6d4875b59c5adc48c4017760,233.87233299945365,183.66387500282144,2494;6894,6894
c403eef085be,jev,3911,en-US,2,play_music,play_music,0.56,0.52,True,req_01a0d04af76075c4a710cafc47972da5,req_01a0d09d6bba787db2cc6bd01c211886,271.18104200053494,137.6759580016369,2467;6867,6867
c403eef085be,jev,397,en-US,2,play_music,play_music,1.0,1.0,True,req_01a0d04af1c1722dae602f68a0cf27ad,req_01a0d09d680e7805a46e65576bfd2f10,493.5787499998696,297.01645800378174,2402;6802,6802
c403eef085be,jev,4040,en-US,2,play_music,play_music,0.99,0.99,True,req_01a0d04af33576ea8727e928bde8ca92,req_01a0d09d691775c7831458153bc7ad46,145.5357080012618,190.8470829948783,2425;6825,6825
c403eef085be,jev,407,en-US,2,play_music,play_music,1.0,1.0,True,req_01a0d04af2f775d5a339cf50b6b33aca,req_01a0d09d691272cf896474d6a72fe0f3,145.04183399913018,188.08195899327984,2423;6823,6823
c403eef085be,jev,4232,en-US,2,play_music,play_music,1.0,1.0,True,req_01a0d04af9227e84af5a219b7503cba4,req_01a0d09d6cf673ec897f22fb118d63e5,186.46766700112494,152.72495800309116,2485;6885,6885
c403eef085be,jev,4313,en-US,2,weather_query,weather_query,1.0,1.0,True,req_01a0d04af4bd7203bc9cf63d95efecc3,req_01a0d09d6a247696b080bb5d629cf8b6,233.93587499958812,186.25370800145902,2443;6843,6843
c403eef085be,jev,4376,en-US,2,weather_query,weather_query,1.0,1.0,True,req_01a0d04af2d17625a55add703e31b330,req_01a0d09d68bf7f71b1bd97ccace9273d,93.76787499786587,160.91079200123204,2419;6819,6819
c403eef085be,jev,4383,en-US,2,weather_query,weather_query,1.0,1.0,True,req_01a0d04af38e7885b8157addf46f9bf5,req_01a0d09d696b7e0490fb7461732fbd69,290.17033399941283,166.2175000019488,2431;6831,6831
c403eef085be,jev,4436,en-US,2,general_quirky,recommendation_events,0.31,0.31,False,req_01a0d04af1c07019afd81149fc590708,req_01a0d09d67f876b79a01ba903e347561,297.0475420006551,259.3715830007568,2406;6806,6806
c403eef085be,jev,4482,en-US,2,weather_query,weather_query,0.99,0.99,True,req_01a0d04af7ae7c2b8421ee3e7f13e88e,req_01a0d09d6bfc7a4c8ba8a9f0fcb8c899,195.40766699719825,268.59704199887346,2472;6872,6872
c403eef085be,jev,4587,en-US,2,play_music,play_music,0.99,0.99,True,req_01a0d04af2d8727cbe33347be6ed40c9,req_01a0d09d68c077d6949083dc941705c5,198.94633299918496,166.23141700256383,2420;6820,6820
c403eef085be,jev,473,en-US,2,play_music,play_music,0.62,0.65,True,req_01a0d04af2c07ec592c36f011bbbd358,req_01a0d09d68be7bfaa032eb8c7b848eee,169.98070800036658,191.2937079978292,2417;6817,6817
c403eef085be,jev,491,en-US,2,weather_query,weather_query,1.0,1.0,True,req_01a0d04af27b7aa8b7b3df89349e1df6,req_01a0d09d68bc75f2bd167ed1181a8b02,122.98704199929489,158.1274999989546,2416;6816,6816
c403eef085be,jev,4917,en-US,2,weather_query,weather_query,1.0,1.0,True,req_01a0d04af1c8707e8cf44fde801a587b,req_01a0d09d680d72a6a2e712abd0fe7eee,375.2359169993724,242.7360830042744,2405;6805,6805
c403eef085be,jev,5278,en-US,2,play_music,play_music,0.96,0.96,True,req_01a0d04af5b077139727a98fc45d4c74,req_01a0d09d6aed7771bbc979ad168260be,315.4834170018148,219.61204100080067,2453;6853,6853
c403eef085be,jev,5318,en-US,2,play_music,play_music,0.98,1.0,True,req_01a0d04af93e7e1787cb626c79fa29a7,req_01a0d09d6d0570d19eb2f5044709ad3a,221.30500000275788,126.89687500096625,2487;6887,6887
c403eef085be,jev,5414,en-US,2,play_music,play_music,1.0,1.0,True,req_01a0d04af1b47be7b911d3bc7ccc223d,req_01a0d09d6811793792b6979b9912bdce,249.56850000307895,277.71191699866904,2404;6804,6804
c403eef085be,jev,5465,en-US,2,weather_query,weather_query,0.67,0.6900000000000001,True,req_01a0d04af3c07c8eb869e8b4a2b1a4e7,req_01a0d09d69b97f6a98c9c0a5ad9abc83,122.34020899995812,124.26450000202749,2434;6834,6834
c403eef085be,jev,5658,en-US,2,play_music,play_music,1.0,1.0,True,req_01a0d04af7e07feba69a35241384a659,req_01a0d09d6be37fe99068dbeab076e227,360.6002089982212,126.40683299832745,2473;6873,6873
c403eef085be,jev,5721,en-US,2,weather_query,weather_query,1.0,1.0,True,req_01a0d04af6b774b0b341b96f0019fda2,req_01a0d09d6b42750da8d15fb30ba7e15d,228.73345799962408,166.58508399996208,2462;6862,6862
c403eef085be,jev,6267,en-US,2,qa_factoid,qa_factoid,0.47000000000000003,0.45,True,req_01a0d04af4da76d980c64e03153b62b9,req_01a0d09d6a367bd39a1632b6eeee8482,308.5858329977782,200.82262499636272,2445;6845,6845
c403eef085be,jev,6289,en-US,2,weather_query,weather_query,1.0,1.0,True,req_01a0d04af49476808f832609f15c3dde,req_01a0d09d6a0279ff9cc6b2ba5833d1e8,237.4396249979327,163.52420800103573,2440;6840,6840
c403eef085be,jev,6295,en-US,2,transport_traffic,transport_traffic,0.88,0.86,True,req_01a0d04af5ab7ceca99c7030f5132488,req_01a0d09d6aa57191b3d1c5e44b43e689,193.15683300010278,152.6330409978982,2451;6851,6851
c403eef085be,jev,6353,en-US,2,recommendation_locations,recommendation_locations,0.51,0.5,True,req_01a0d04af91071418a5a786de58568f3,req_01a0d09d6ca576dc86595bcbd02921e9,169.9889589981467,227.78008299792418,2484;6884,6884
c403eef085be,jev,6385,en-US,2,qa_factoid,qa_factoid,0.92,0.93,True,req_01a0d04af59e7fea98ce8ef2b8bf5886,req_01a0d09d6a9a7cf392dfa610ec956cd4,257.98766700245324,91.67695900396211,2450;6850,6850
c403eef085be,jev,6405,en-US,2,qa_factoid,qa_factoid,0.99,0.99,True,req_01a0d04af7227532a3a9a2cd85ab4099,req_01a0d09d6bbe7e6395e36af44e1bff4d,261.18316700012656,203.6959589968319,2465;6865,6865
c403eef085be,jev,6424,en-US,2,general_greet,general_greet,1.0,1.0,True,req_01a0d04af87779b5bfecbef0dd928b7f,req_01a0d09d6c787489a96c475b527858ec,169.82491700036917,206.52279200294288,2481;6881,6881
c403eef085be,jev,6438,en-US,2,general_quirky,general_quirky,0.54,0.61,True,req_01a0d04af87d7e41b2489cc5272fc691,req_01a0d09d6c8d7d6fba96cedeaac6dae3,225.7971250000992,176.52841699600685,2483;6883,6883
c403eef085be,jev,6485,en-US,2,general_quirky,general_quirky,0.41000000000000003,0.37,True,req_01a0d04af66375cb977846f90c2f9803,req_01a0d09d6b147f13b1add4ecb94bd824,260.6262500012235,166.36075000133133,2459;6859,6859
c403eef085be,jev,6495,en-US,2,general_greet,general_greet,0.48,0.48,True,req_01a0d04af5827cf894ec5532e5f83516,req_01a0d09d6a65704eb5edfc85064442a1,243.95420899963938,199.8746659955941,2448;6848,6848
c403eef085be,jev,6720,en-US,2,qa_factoid,qa_factoid,0.6900000000000001,0.7,True,req_01a0d04af3a37afea9d0ae712f18e48a,req_01a0d09d6966728d92047d92732fb3f8,315.9515840015956,206.67158399737673,2430;6830,6830
c403eef085be,jev,6737,en-US,2,calendar_set,calendar_set,0.77,0.79,True,req_01a0d04af25a7c938277e720aa561769,req_01a0d09d68aa7dca8c676fbbcffc95ef,118.55104200003552,185.80395800381666,2415;6815,6815
c403eef085be,jev,7044,en-US,2,alarm_set,alarm_set,0.73,0.77,True,req_01a0d04af39a790fbf1d18686af4d60e,req_01a0d09d696b7204890bd64d7c300f98,248.85050000011688,124.32420799450483,2432;6832,6832
c403eef085be,jev,7073,en-US,2,calendar_query,calendar_query,0.77,0.89,True,req_01a0d04af8a170cc9df62f05faa7c33e,req_01a0d09d6c6b7aa88bb1a3b303e37823,258.2114159995399,226.3780829962343,2479;6879,6879
c403eef085be,jev,7152,en-US,2,calendar_set,calendar_set,0.98,0.98,True,req_01a0d04af61079bf9960e0e02435f63b,req_01a0d09d6af87681bf685ddb5b3a81fb,395.11345799837727,239.01154199847952,2456;6856,6856
c403eef085be,jev,7170,en-US,2,calendar_set,calendar_set,0.91,0.91,True,req_01a0d04afa20711cac498dd2d7548c53,req_01a0d09d6db3782d85ec8abff8bde63f,188.63587500163703,227.46570799790788,2499;6899,6899
c403eef085be,jev,7697,en-US,2,calendar_set,calendar_set,0.65,0.65,True,req_01a0d04af2d67276a2ead4a0422afdd7,req_01a0d09d68c674bf988e003bab562fd2,151.49120799833327,166.03833299450343,2421;6821,6821
c403eef085be,jev,779,en-US,2,play_music,play_music,1.0,1.0,True,req_01a0d04af5e576acb53f86680da9397c,req_01a0d09d6aef7ac7859d69c9843cf21a,333.4273750006105,199.42495800205506,2454;6854,6854
c403eef085be,jev,782,en-US,2,play_music,play_music,1.0,1.0,True,req_01a0d04af77e7472ac391df708d40874,req_01a0d09d6bbe78aabbd26de2ca453881,215.09587499895133,155.1158750007744,2470;6870,6870
c403eef085be,jev,8035,en-US,2,calendar_set,calendar_set,0.67,0.67,True,req_01a0d04af9ca7fb8902e1fa96a2ef804,req_01a0d09d6d867f84bcdb068eb637d1c9,225.81799999898067,240.39508300484158,2495;6895,6895
c403eef085be,jev,8079,en-US,2,alarm_set,alarm_set,0.87,0.91,True,req_01a0d04af62a716e8a356355b64d63a7,req_01a0d09d6b0272a8b457a05212a3cd27,295.9735410004214,193.4027090028394,2457;6857,6857
c403eef085be,jev,8245,en-US,2,alarm_set,alarm_set,0.62,0.6,True,req_01a0d04af2437197b1144915382e8f57,req_01a0d09d688d7204bf7104434fff45ff,152.7259159993264,120.98716699983925,2412;6812,6812
c403eef085be,jev,8289,en-US,2,calendar_set,calendar_set,0.67,0.64,True,req_01a0d04af68c7987bd41b21894deeaff,req_01a0d09d6b2a7107864ccd4491860b4a,286.22941600042395,193.73025000095367,2461;6861,6861
c403eef085be,jev,8387,en-US,2,calendar_set,alarm_set,0.47000000000000003,0.49,False,req_01a0d04af30277a79c7ebd4ba6ec9ba6,req_01a0d09d69117e78853c5744e6505ed4,150.570207999408,157.39420799945947,2424;6824,6824
c403eef085be,jev,8541,en-US,2,calendar_set,calendar_set,0.43,0.45,True,req_01a0d04af752794ab658f2ad31d8309b,req_01a0d09d6bbe799ea241254647ceb846,235.85162499875878,180.66425000142772,2466;6866,6866
c403eef085be,jev,8694,en-US,2,lists_createoradd,lists_createoradd,0.4,0.41000000000000003,True,req_01a0d04af39f7d3aabaa9fe76a5abd3c,req_01a0d09d6982781baf5c187be83570ff,243.68399999730173,177.9351669974858,2433;6833,6833
c403eef085be,jev,8730,en-US,2,calendar_set,calendar_set,1.0,1.0,True,req_01a0d04af25d7192a4f928ddfa36ac32,req_01a0d09d689f7d23bc0191f44fdd83db,238.21033299827832,131.78649999463232,2414;6814,6814
c403eef085be,jev,8967,en-US,2,calendar_set,calendar_set,0.96,0.94,True,req_01a0d04af2dc7f508194974a7b9cd662,req_01a0d09d69077b4394b796cda5c17781,184.6683750009106,205.48241699725622,2422;6822,6822
c403eef085be,jev,8977,en-US,2,calendar_set,calendar_set,0.68,0.74,True,req_01a0d04af5ab70d9a2bd124c9092b2e9,req_01a0d09d6ad5766ebad38714d29e5621,176.2470830035454,224.62629200163065,2452;6852,6852
c403eef085be,jev,9043,en-US,2,calendar_query,calendar_query,1.0,1.0,True,req_01a0d04af97d75b08723ba7121661b76,req_01a0d09d6d407c589b08081ee2a9a99c,227.5973329997214,215.88858299946878,2492;6892,6892
c403eef085be,jev,9153,en-US,2,calendar_set,calendar_set,1.0,1.0,True,req_01a0d04af71b7289bdc146f0f8da44e6,req_01a0d09d6b85713fb0b81de3a514ad19,200.3455420017417,241.17387499427423,2464;6864,6864
c403eef085be,jev,9738,en-US,2,play_music,play_music,1.0,1.0,True,req_01a0d04af6f37fdd92d6befb63c64f1b,req_01a0d09d6b7f74abb8bd7e0245dc774b,236.56841600313783,158.18416600086493,2463;6863,6863
eb695872ce90,jev,12987,en-US,2,general_quirky,general_quirky,0.84,0.83,True,req_01a0d04aeebc7bd38bfda650c0275afe,req_01a0d09d1e2c7adea6da91f92f9cff2c,234.74904199974844,150.59416699659778,2380;6680,6680
eb695872ce90,jev,13067,en-US,2,cooking_recipe,cooking_recipe,0.63,0.6900000000000001,True,req_01a0d04ae80c74948fa5d834b114d78e,req_01a0d09d19e27a60a1bc9048e796b12c,295.4882499980158,262.7944589985418,2300;6600,6600
eb695872ce90,jev,13150,en-US,2,cooking_recipe,cooking_recipe,1.0,1.0,True,req_01a0d04aef667393b49a725f90f7ebd6,req_01a0d09d1e9b7aa288d76490a5114edc,263.4034580005391,196.97787499899277,2390;6690,6690
eb695872ce90,jev,13175,en-US,2,qa_factoid,qa_factoid,0.53,0.56,True,req_01a0d04ae9da7e88a5914509daf82e29,req_01a0d09d1b107d648bd31d99956f7586,359.56295800133375,142.10029099922394,2327;6627,6627
eb695872ce90,jev,13297,en-US,2,qa_definition,qa_definition,0.85,0.86,True,req_01a0d04aeddf7734ac8fe6c7a55774fe,req_01a0d09d1da87b1faf7d3245b06c5efd,280.8028330000525,171.80216700216988,2371;6671,6671
eb695872ce90,jev,13363,en-US,2,general_quirky,qa_factoid,0.45999999999999996,0.49,False,req_01a0d04aeef679608ca88b58b442ce1d,req_01a0d09d1e517c2aaa47666f74aff6da,172.74325000107638,91.03495800081873,2386;6686,6686
eb695872ce90,jev,13451,en-US,2,general_quirky,general_quirky,0.99,1.0,True,req_01a0d04ae89a7570ba8ba943989b435a,req_01a0d09d1a067245a6bad8d2803cb6cb,130.57933399977628,323.57062499795575,2310;6610,6610
eb695872ce90,jev,13491,en-US,2,qa_factoid,qa_factoid,0.67,0.74,True,req_01a0d04aef51719d9bbbe873a0bc90f6,req_01a0d09d1e7a7cee853f373f3850e49c,284.25158399841166,162.99270799936494,2389;6689,6689
eb695872ce90,jev,13616,en-US,2,qa_factoid,qa_factoid,0.9,0.92,True,req_01a0d04aeaf8771ca12692a5452de9e8,req_01a0d09d1b917380ad8db4d76d811af8,157.98933300175122,194.79770800535334,2338;6638,6638
eb695872ce90,jev,13681,en-US,2,qa_factoid,qa_factoid,1.0,1.0,True,req_01a0d04ae9f273498096ada1697d4b33,req_01a0d09d1b29713f90cd21edb5cccb15,296.0852079995675,213.1430419976823,2328;6628,6628
eb695872ce90,jev,13693,en-US,2,qa_factoid,qa_factoid,0.98,0.97,True,req_01a0d04aed99750f843bb5d25c80216f,req_01a0d09d1d6b7c7f8f47f3a0c21c1b78,290.05220900216955,84.04754100047285,2368;6668,6668
eb695872ce90,jev,13854,en-US,2,qa_factoid,qa_factoid,0.91,0.94,True,req_01a0d04ae9c57135b603cd1dfa0af19a,req_01a0d09d1b047a6aa9d908eaffec3911,207.0968330008327,127.83050000143703,2326;6626,6626
eb695872ce90,jev,1401,en-US,2,general_quirky,general_quirky,0.96,0.98,True,req_01a0d04aed9d7696b043e1fcca3fb1d1,req_01a0d09d1d6b74c6b0603e4f2cb78ce1,170.07070800173096,179.60737500106916,2369;6669,6669
eb695872ce90,jev,14011,en-US,2,qa_factoid,qa_factoid,0.95,0.94,True,req_01a0d04af0057c228464d20972b9e7e0,req_01a0d09d1eee71219db82eeed78d79d2,109.08687499977532,99.00229099730495,2396;6696,6696
eb695872ce90,jev,14015,en-US,2,qa_factoid,qa_factoid,0.99,0.99,True,req_01a0d04aec8573398df39a7a49c9d878,req_01a0d09d1ce6783499786e8f84babae4,218.47054200043203,202.45741699909559,2355;6655,6655
eb695872ce90,jev,14083,en-US,2,qa_factoid,qa_factoid,1.0,1.0,True,req_01a0d04ae8207500841a291a3c48a610,req_01a0d09d19e17e28996990926e116da7,308.88087499988615,265.90670800214866,2308;6608,6608
eb695872ce90,jev,14118,en-US,2,qa_factoid,qa_factoid,1.0,1.0,True,req_01a0d04ae89f7a498a923d31ce2e69e8,req_01a0d09d19e277aead024617dac1c922,182.54174999674433,270.88150000054156,2311;6611,6611
eb695872ce90,jev,14126,en-US,2,qa_factoid,qa_factoid,1.0,1.0,True,req_01a0d04ae81a74ceb2b338544e795f70,req_01a0d09d19d27556a6cfc846e1144cc4,253.52604100044118,174.59308300021803,2303;6603,6603
eb695872ce90,jev,14306,en-US,2,qa_factoid,qa_factoid,0.97,0.97,True,req_01a0d04aefaa7958a9140d9b4cc22468,req_01a0d09d1eaf7c3ab36afad3157109dc,161.12887499912176,138.60429199849023,2393;6693,6693
eb695872ce90,jev,14339,en-US,2,qa_factoid,qa_factoid,0.92,0.92,True,req_01a0d04aeaa7729098286eb96aa185da,req_01a0d09d1b7b73d8b9e2094e87743c99,219.95587499986868,263.308749999851,2336;6636,6636
eb695872ce90,jev,14356,en-US,2,general_quirky,general_quirky,0.93,0.92,True,req_01a0d04aeb4c73e9991ada8ad88d72b8,req_01a0d09d1bfc74919c98bd84c61b55e8,262.6614580003661,169.75008299777983,2344;6644,6644
eb695872ce90,jev,1440,en-US,2,play_music,play_music,1.0,1.0,True,req_01a0d04aef897b0383b111684fa5ebee,req_01a0d09d1ea6706fb7ea7430fb63e9a3,162.0148749971122,133.25424999493407,2391;6691,6691
eb695872ce90,jev,14509,en-US,2,qa_factoid,qa_factoid,1.0,1.0,True,req_01a0d04aee5173e088a33e7d0db0a60f,req_01a0d09d1de47a1db52817af4e8fce02,242.59941700074705,99.66683300444856,2377;6677,6677
eb695872ce90,jev,14597,en-US,2,qa_factoid,qa_factoid,1.0,1.0,True,req_01a0d04aee657bd8851b9f8d00a1e7bb,req_01a0d09d1e1b7285a08bd45039c38d67,167.017499999929,136.9793749981909,2378;6678,6678
eb695872ce90,jev,14683,en-US,2,qa_factoid,qa_factoid,0.99,0.99,True,req_01a0d04aeb2d7e9aadc534534cdaf469,req_01a0d09d1bd476e0bd05b0137d764652,263.3042080015002,182.24800000461983,2341;6641,6641
eb695872ce90,jev,14787,en-US,2,calendar_query,qa_factoid,0.53,0.48,False,req_01a0d04aef2576819522e16c8a68a483,req_01a0d09d1e5875b3a9ca951b4827eaa4,229.8187499982305,109.56333300418919,2388;6688,6688
eb695872ce90,jev,14891,en-US,2,qa_factoid,qa_factoid,0.99,0.99,True,req_01a0d04aee237e0eb9ffb065ca8370ee,req_01a0d09d1dbe7043aea15a6d5d8ac3d8,191.064999999071,99.22691599786049,2375;6675,6675
eb695872ce90,jev,14958,en-US,2,qa_factoid,qa_factoid,0.72,0.74,True,req_01a0d04aeaf876d697b48d950f1689d2,req_01a0d09d1bab74eaaa5dd4a4bcd923bc,206.7118329978257,176.99666699627414,2339;6639,6639
eb695872ce90,jev,14994,en-US,2,qa_factoid,qa_factoid,0.92,0.93,True,req_01a0d04aea0f711b8250a92846f1b690,req_01a0d09d1b2b749cbeb0f3fe702792f3,252.75645799774793,167.37054199620616,2329;6629,6629
eb695872ce90,jev,15055,en-US,2,qa_factoid,qa_factoid,0.99,0.99,True,req_01a0d04aeb9d71f5b971b6784b16c645,req_01a0d09d1c0a7261b796310e7f4b2d16,237.16075000265846,113.30150000139838,2346;6646,6646
eb695872ce90,jev,15094,en-US,2,qa_factoid,qa_factoid,1.0,1.0,True,req_01a0d04af00771fa91247f651fcac891,req_01a0d09d1ef17ff18eb340fcadc17630,158.4655409969855,139.7077090005041,2397;6697,6697
eb695872ce90,jev,1547,en-US,2,weather_query,weather_query,1.0,1.0,True,req_01a0d04aecfc7b8aa6f015775eb8ded1,req_01a0d09d1ce571cfa97fe3e53fdc9600,213.8611669979582,142.91633300308604,2360;6660,6660
eb695872ce90,jev,1549,en-US,2,weather_query,weather_query,1.0,1.0,True,req_01a0d04aee107ebab21060257c02b14f,req_01a0d09d1dc17844811fc47c1cdfd50d,172.9708329985442,145.95912500226405,2374;6674,6674
eb695872ce90,jev,1722,en-US,2,weather_query,weather_query,0.97,0.98,True,req_01a0d04ae8d074ea96d1b41b8ff2205b,req_01a0d09d1a847b05963228020163821b,224.0495000005467,148.8959159978549,2313;6613,6613
eb695872ce90,jev,185,en-US,2,play_music,play_music,1.0,1.0,True,req_01a0d04aea947daa8483529c943c986d,req_01a0d09d1b67742a97edd4c093b0c365,283.1489580021298,153.72787499654805,2335;6635,6635
eb695872ce90,jev,1866,en-US,2,weather_query,weather_query,1.0,1.0,True,req_01a0d04aebd27b5e942658fe7764e1af,req_01a0d09d1c357c9c840fb0e6563c1346,353.8227499993809,144.5073750001029,2347;6647,6647
eb695872ce90,jev,1933,en-US,2,weather_query,weather_query,1.0,1.0,True,req_01a0d04ae90c70fc9d06d85f823c7da5,req_01a0d09d1a9471df858b0e514f64b276,175.47320900121122,152.11891700164415,2318;6618,6618
eb695872ce90,jev,1995,en-US,2,play_music,play_music,1.0,1.0,True,req_01a0d04aebd274dfbdf4b70ca00696e2,req_01a0d09d1c507ecbabfaf3c97b7b7936,247.89583299934748,186.53879199700896,2349;6649,6649
eb695872ce90,jev,2108,en-US,2,play_music,play_music,1.0,1.0,True,req_01a0d04aee3378d4a4a0015271ca14ba,req_01a0d09d1dd871bba97266e4c7ef2cc5,192.26104100016528,163.42141699715285,2376;6676,6676
eb695872ce90,jev,2178,en-US,2,weather_query,weather_query,1.0,1.0,True,req_01a0d04ae81f76a092a22284da49842d,req_01a0d09d19e872c2a1ca4e1736cbf900,248.27591700159246,272.94679199985694,2309;6609,6609
eb695872ce90,jev,2408,en-US,2,play_music,play_music,0.95,0.96,True,req_01a0d04ae82173b4ab734a579ba58b05,req_01a0d09d19e17b6a9114836741b3dbf1,273.3465840028657,270.8417500034557,2301;6601,6601
eb695872ce90,jev,2704,en-US,2,play_music,play_music,0.99,0.99,True,req_01a0d04aecbf7fa6a85d1b6a598b95ba,req_01a0d09d1ce7742ba77e30f12dd7205c,134.98320800135843,174.18958400230622,2358;6658,6658
eb695872ce90,jev,3096,en-US,2,weather_query,weather_query,1.0,1.0,True,req_01a0d04ae81e7be386bd759bfc8ed736,req_01a0d09d19e47fa6b1c81794907d15ec,217.46587500092573,269.2692499986151,2307;6607,6607
eb695872ce90,jev,3400,en-US,2,play_music,play_music,1.0,1.0,True,req_01a0d04aeb357723bb3432b562f49b0d,req_01a0d09d1bdd7b96b9adc189d1122c11,274.8519580018183,180.59229099890217,2342;6642,6642
eb695872ce90,jev,3408,en-US,2,weather_query,weather_query,1.0,1.0,True,req_01a0d04aeae475708f7a596810110041,req_01a0d09d1b7c721986a13a45287238d5,214.60337500320747,166.90679200110026,2337;6637,6637
eb695872ce90,jev,3434,en-US,2,play_music,play_music,0.81,0.85,True,req_01a0d04aeeda71caa92965645febc75d,req_01a0d09d1e2f7790b0ea71abcf3ab87b,165.84837499976857,118.44083399773808,2382;6682,6682
eb695872ce90,jev,3447,en-US,2,weather_query,weather_query,1.0,1.0,True,req_01a0d04af0217327a309682c505abe93,req_01a0d09d1eff75a9bdfff7c9bb0b6214,263.5599999994156,146.65845800482202,2398;6698,6698
eb695872ce90,jev,3539,en-US,2,play_music,play_music,1.0,1.0,True,req_01a0d04aefc479e2921d671ce09052c0,req_01a0d09d1ec272b69aca1311d61bb249,116.66333299945109,200.40516599692637,2394;6694,6694
eb695872ce90,jev,3911,en-US,2,play_music,play_music,0.93,0.95,True,req_01a0d04aed94700c8fa2ba61efc51c9a,req_01a0d09d1d6e7c0083659b9cd4c7eccf,142.69820900153718,165.14749999623746,2367;6667,6667
eb695872ce90,jev,397,en-US,2,play_music,play_music,1.0,1.0,True,req_01a0d04ae8047ad9b29b8fb8884bffcd,req_01a0d09d19dd733ca29d517c51907c22,206.73674999852665,265.84441700106254,2302;6602,6602
eb695872ce90,jev,4040,en-US,2,play_music,play_music,1.0,1.0,True,req_01a0d04ae9ba7324af4813046de2edbf,req_01a0d09d1b047afcacc19afce5177e21,240.29416600023978,140.733457999886,2325;6625,6625
eb695872ce90,jev,407,en-US,2,play_music,play_music,1.0,1.0,True,req_01a0d04ae98d7f88a81f0790f66c47d8,req_01a0d09d1ac97d3cbbb8fa1dca1f2d9c,225.327833002666,134.8978750029346,2323;6623,6623
eb695872ce90,jev,4232,en-US,2,play_music,play_music,1.0,1.0,True,req_01a0d04aeef67360b5e005cc205a2d72,req_01a0d09d1e497ce4a30a81bb1cdb0861,203.29441600188147,185.3707080008462,2385;6685,6685
eb695872ce90,jev,4313,en-US,2,weather_query,weather_query,1.0,1.0,True,req_01a0d04aeb3c7f87a639b3aa8fdcb9e3,req_01a0d09d1bfe7e70a8267b4e9b9d8a5f,201.2144590007665,196.88991700240877,2343;6643,6643
eb695872ce90,jev,4376,en-US,2,weather_query,weather_query,1.0,1.0,True,req_01a0d04ae9197e43a581306e6a8a1012,req_01a0d09d1a93705fb4778860621cf8dc,245.33208299908438,110.52774999552639,2319;6619,6619
eb695872ce90,jev,4383,en-US,2,weather_query,weather_query,1.0,1.0,True,req_01a0d04aea1d7b16a076fae2052bd84e,req_01a0d09d1b547f65abb92347ca9183a6,198.1334579977556,188.67479199980153,2331;6631,6631
eb695872ce90,jev,4436,en-US,2,recommendation_events,recommendation_events,0.44,0.44,True,req_01a0d04ae80674cfa714bb5e0a405d27,req_01a0d09d19df784fbc3d9890660c82c2,214.43149999686284,252.20654199802084,2306;6606,6606
eb695872ce90,jev,4482,en-US,2,weather_query,weather_query,0.99,0.99,True,req_01a0d04aede27fb79aa30741c2313889,req_01a0d09d1da77fa08b36ef0074ebb472,308.39258400010294,133.0601670051692,2372;6672,6672
eb695872ce90,jev,4587,en-US,2,play_music,play_music,1.0,1.0,True,req_01a0d04ae94273bcbab48921fd1ce904,req_01a0d09d1a937dc29bcb1c2423bdf32b,173.6177909988328,217.7126659953501,2320;6620,6620
eb695872ce90,jev,473,en-US,2,play_music,play_music,0.55,0.6,True,req_01a0d04ae8fb7e31894a3c52ebcc4bdf,req_01a0d09d1a937bb3bb14ab4ed3da94c4,198.20116700066137,112.64225000195438,2317;6617,6617
eb695872ce90,jev,491,en-US,2,weather_query,weather_query,1.0,1.0,True,req_01a0d04ae8f17fddbb3c30f59d32db1d,req_01a0d09d1a937e8187dd49061c7b0982,331.7057089989248,190.8706250032992,2316;6616,6616
eb695872ce90,jev,4917,en-US,2,weather_query,weather_query,1.0,1.0,True,req_01a0d04ae81b78ec9655f15db3364b3b,req_01a0d09d19de7e7586b3c1772f92ccb5,378.66104199929396,260.7226249965606,2305;6605,6605
eb695872ce90,jev,5278,en-US,2,play_music,play_music,0.99,0.99,True,req_01a0d04aec4b754ba8a69b8a37270819,req_01a0d09d1ce679959e4804d7b14e6e69,178.9048749997164,202.49079099448863,2353;6653,6653
eb695872ce90,jev,5318,en-US,2,play_music,play_music,1.0,1.0,True,req_01a0d04aef147b8aab0aeab299f57eaa,req_01a0d09d1e547ddf8adf7b8a5fed381a,226.4251249980589,180.48295899643563,2387;6687,6687
eb695872ce90,jev,5414,en-US,2,play_music,play_music,1.0,1.0,True,req_01a0d04ae81a755983ee96508de6ed29,req_01a0d09d19d97d1c8f38295bfc7368b3,318.2671250033309,275.16341699811164,2304;6604,6604
eb695872ce90,jev,5465,en-US,2,weather_query,weather_query,0.74,0.77,True,req_01a0d04aea6e7e3c97fe1877767828af,req_01a0d09d1b5f75659cc3f51de740443c,224.87500000352156,122.26041700341739,2334;6634,6634
eb695872ce90,jev,5658,en-US,2,play_music,play_music,1.0,1.0,True,req_01a0d04aede77617a39931abf7006467,req_01a0d09d1da87899a738b9ed5928d4d0,270.17275000252994,175.37358400295489,2373;6673,6673
eb695872ce90,jev,5721,en-US,2,weather_query,weather_query,1.0,1.0,True,req_01a0d04aed097889ba5bbf9d4b88fc3c,req_01a0d09d1d0d78218a4e1e8b609347f7,209.64100000128383,156.0327499973937,2362;6662,6662
eb695872ce90,jev,6267,en-US,2,qa_factoid,qa_factoid,0.64,0.68,True,req_01a0d04aeb8471fab22a85d798c9dcb0,req_01a0d09d1c0b72549d5edf376225204f,240.70608300098684,199.318458995549,2345;6645,6645
eb695872ce90,jev,6289,en-US,2,weather_query,weather_query,1.0,1.0,True,req_01a0d04aeb187b45b32419fa57f9f447,req_01a0d09d1bd5736e83fd65033b7244e2,272.4614170001587,211.71966600377345,2340;6640,6640
eb695872ce90,jev,6295,en-US,2,transport_query,transport_query,0.6900000000000001,0.64,True,req_01a0d04aec287902b62afb1a2da837af,req_01a0d09d1c797c9ca19f926ba28d8ad2,296.87941699739895,148.16350000182865,2351;6651,6651
eb695872ce90,jev,6353,en-US,2,transport_query,transport_query,0.92,0.93,True,req_01a0d04aeeed715ab3e4b4cd070a05a1,req_01a0d09d1e377ef68dcfc6066fb30e8c,300.18125000060536,185.3256250033155,2384;6684,6684
eb695872ce90,jev,6385,en-US,2,qa_factoid,qa_factoid,0.87,0.88,True,req_01a0d04aec1272bb85f5af7d071aebbf,req_01a0d09d1c6574119e371bfb9c7d271c,315.13333299881197,227.71649999776855,2350;6650,6650
eb695872ce90,jev,6405,en-US,2,qa_factoid,qa_factoid,0.99,0.99,True,req_01a0d04aed477c37a5004f86c7a79f94,req_01a0d09d1d567f69a2b7a4e36acfc89d,261.01337499858346,135.35508399945684,2365;6665,6665
eb695872ce90,jev,6424,en-US,2,general_quirky,general_quirky,0.97,0.97,True,req_01a0d04aeebc7ac1946eb09d45d22b61,req_01a0d09d1e2b701a9aa2789ec7ba9363,164.70050000134506,137.25349999731407,2381;6681,6681
eb695872ce90,jev,6438,en-US,2,general_quirky,general_quirky,0.62,0.66,True,req_01a0d04aeeee726e95d664fbdb4bf498,req_01a0d09d1e2b70d6ad239f4f5b132ef2,282.2478329981095,187.65437499678228,2383;6683,6683
eb695872ce90,jev,6485,en-US,2,general_quirky,general_quirky,0.46,0.52,True,req_01a0d04aecd877e3a7c8b351549d55d2,req_01a0d09d1cee77b881bbd770321a8462,264.35441699868534,220.07666699937545,2359;6659,6659
eb695872ce90,jev,6495,en-US,2,general_quirky,general_quirky,0.65,0.68,True,req_01a0d04aebb4705ca766d8f5a96e005f,req_01a0d09d1c5573ab9cbe0a1c80ea6ea9,249.30979200144066,135.79358300194144,2348;6648,6648
eb695872ce90,jev,6720,en-US,2,qa_factoid,qa_factoid,0.66,0.69,True,req_01a0d04aea107692b3cc038364c3dfd1,req_01a0d09d1b527bd88dfcfbc1204d3597,284.8946249978326,144.49845800118055,2330;6630,6630
eb695872ce90,jev,6737,en-US,2,calendar_set,calendar_set,0.87,0.89,True,req_01a0d04ae8d57408aaa5d9e100dcaf90,req_01a0d09d1a907c8a80cc5a2a351948a4,252.77195799935726,207.48291599738877,2315;6615,6615
eb695872ce90,jev,7044,en-US,2,alarm_set,alarm_set,0.75,0.8,True,req_01a0d04aea3f747689f186390e1e1aed,req_01a0d09d1b5b7210af9bbedf64019f3f,196.987708000961,264.78908299759496,2332;6632,6632
eb695872ce90,jev,7073,en-US,2,calendar_query,calendar_query,0.79,0.76,True,req_01a0d04aee7a7544ae56777877e0fa38,req_01a0d09d1e1c779f9a0dfc0b317ec2f9,183.01783399874694,236.3474169978872,2379;6679,6679
eb695872ce90,jev,7152,en-US,2,calendar_set,calendar_set,0.99,0.98,True,req_01a0d04aec8b753c8c85080c83293a15,req_01a0d09d1ce97381b1ee21bf6eab5e0f,267.93304099919624,255.07604199810885,2356;6656,6656
eb695872ce90,jev,7170,en-US,2,calendar_set,calendar_set,0.85,0.93,True,req_01a0d04af02b798cbb7b8c900628ffb8,req_01a0d09d1f0074bdb1b16a8156fe513f,172.88237499815295,145.12400000239722,2399;6699,6699
eb695872ce90,jev,7697,en-US,2,calendar_set,calendar_set,0.71,0.64,True,req_01a0d04ae957772da0edaeeee7e49c03,req_01a0d09d1a9c7c5880dcbf39c49df258,197.3822919972008,202.3411250047502,2321;6621,6621
eb695872ce90,jev,779,en-US,2,play_music,play_music,1.0,1.0,True,req_01a0d04aec4d753097686610c6bea0c0,req_01a0d09d1cee791aaabc8b42ea2d152d,131.3412919989787,304.489583002578,2354;6654,6654
eb695872ce90,jev,782,en-US,2,play_music,play_music,1.0,1.0,True,req_01a0d04aedcb75ec9fa5ead3b551a150,req_01a0d09d1d8573ecbe3e8d21ff0e9690,163.74712499964517,176.34345900296466,2370;6670,6670
eb695872ce90,jev,8035,en-US,2,calendar_set,calendar_set,0.5700000000000001,0.54,True,req_01a0d04aeff4725e947fc602a8c718f1,req_01a0d09d1ec274ab83c1a2c13d1a30a1,151.8597079993924,145.10891599638853,2395;6695,6695
eb695872ce90,jev,8079,en-US,2,alarm_set,alarm_set,0.88,0.91,True,req_01a0d04aecb17c4ba28c8c596bdb8c01,req_01a0d09d1ce87fbd80c5a4d98e1c7fc4,228.3348750024743,199.33854199916823,2357;6657,6657
eb695872ce90,jev,8245,en-US,2,alarm_set,alarm_set,0.68,0.67,True,req_01a0d04ae8a4769bb4253efbdc4a4333,req_01a0d09d1a4a7d8490620d5cf97e8a78,230.46920799970394,191.98725000023842,2312;6612,6612
eb695872ce90,jev,8289,en-US,2,calendar_set,calendar_set,0.65,0.59,True,req_01a0d04aecfc7ef78aca23a04bb6b8e0,req_01a0d09d1d0a73d5bca4caece78984c6,160.78550000020186,100.77545900276164,2361;6661,6661
eb695872ce90,jev,8387,en-US,2,alarm_set,calendar_set,0.45,0.48,False,req_01a0d04ae99e74ab84ab7dbad138c02f,req_01a0d09d1af170f09cad1a33dcdc0d6f,196.5105000017502,104.52587499457877,2324;6624,6624
eb695872ce90,jev,8541,en-US,2,calendar_set,calendar_set,0.46,0.51,True,req_01a0d04aed6a75c195e5a9a96614d1b8,req_01a0d09d1d6d733fb93ed14a78806feb,146.71208299841965,209.103083005175,2366;6666,6666
eb695872ce90,jev,8694,en-US,2,qa_factoid,qa_factoid,0.29000000000000004,0.34,True,req_01a0d04aea6c7530b99d6f8b4aa650d0,req_01a0d09d1b5a78ab93eb1afed2a33e74,217.6627090011607,171.27116699703038,2333;6633,6633
eb695872ce90,jev,8730,en-US,2,calendar_set,calendar_set,1.0,1.0,True,req_01a0d04ae8d172a3b3abbc3037da9ca6,req_01a0d09d1a91750f9c5065c403c01edc,166.24916700311587,158.43916599988006,2314;6614,6614
eb695872ce90,jev,8967,en-US,2,calendar_set,calendar_set,0.96,0.95,True,req_01a0d04ae96b7050bc11e1388333d894,req_01a0d09d1a9c720aa3ba79065ab0a5df,151.1597500029893,198.6269170010928,2322;6622,6622
eb695872ce90,jev,8977,en-US,2,calendar_set,calendar_set,0.75,0.76,True,req_01a0d04aec327d38b602b56275ec150f,req_01a0d09d1c82700993f09fa2c7871c29,196.4817089974531,143.06199999555247,2352;6652,6652
eb695872ce90,jev,9043,en-US,2,calendar_query,calendar_query,1.0,1.0,True,req_01a0d04aefa87bf3840f704f5ee525db,req_01a0d09d1eb478678e0837fdfda4f083,229.8972499993397,185.39145799877588,2392;6692,6692
eb695872ce90,jev,9153,en-US,2,calendar_set,calendar_set,1.0,1.0,True,req_01a0d04aed497cbf8a47843407f64033,req_01a0d09d1d4e7cec802d8804dcb59997,234.93812499873457,206.28800000122283,2364;6664,6664
eb695872ce90,jev,9738,en-US,2,play_music,play_music,1.0,1.0,True,req_01a0d04aed45742786dad316107462d5,req_01a0d09d1d0c74879e9c75aa16f1d88c,202.6530000002822,194.19283400202403,2363;6663,6663
